NAME,RATING,CLUB,FOOT,POSITION,WEAK FOOT,SKILL MOVES,PACE,SHOOTING,PASSING,DRIBBLING,DEFENDING,PHYSICAL
L. Messi,94,FC Barcelona,Left,RW,4,4,92,88,86,95,24,61
Cristiano Ronaldo,93,Real Madrid,Right,ST,4,5,92,93,80,91,33,79
Neymar,90,FC Barcelona,Right,LW,5,5,90,82,76,93,30,57
L. Suárez,90,FC Barcelona,Right,ST,4,4,83,88,79,87,42,79
M. Neuer,90,FC Bayern München,Right,GK,4,1,85,87,91,87,60,90
Z. Ibrahimović,89,Paris Saint-Germain,Right,ST,4,4,73,90,81,85,31,86
A. Robben,89,FC Bayern München,Left,CAM,2,4,90,86,82,92,32,63
R. Lewandowski,88,FC Bayern München,Right,ST,4,3,80,86,74,85,38,81
E. Hazard,88,Chelsea,Right,CAM,4,4,90,81,83,92,32,64
M. Özil,88,Arsenal,Left,CAM,2,4,72,75,87,86,24,57
Thiago Silva,88,Paris Saint-Germain,Right,CB,3,3,74,57,73,73,90,79
S. Agüero,88,Manchester City,Right,ST,4,4,89,88,75,89,23,70
Iniesta,88,FC Barcelona,Right,CAM,4,4,75,72,87,90,59,60
J. Rodríguez,87,Real Madrid,Left,CAM,3,4,78,86,85,85,43,71
De Gea,87,Manchester United,Right,GK,3,1,88,81,86,89,53,85
J. Boateng,87,FC Bayern München,Right,CB,4,2,79,50,71,68,87,84
T. Kroos,87,Real Madrid,Right,CM,5,3,55,81,88,82,66,69
L. Modrić,87,Real Madrid,Right,CM,4,4,76,75,84,89,71,68
G. Bale,87,Real Madrid,Left,RW,3,4,94,83,82,84,63,81
Sergio Ramos,87,Real Madrid,Right,CB,3,3,79,63,72,69,87,83
P. Lahm,87,FC Bayern München,Right,RB,3,3,71,56,82,84,86,64
P. Pogba,86,Juventus,Right,CM,4,4,77,81,82,86,72,87
K. De Bruyne,86,Manchester City,Right,RW,5,4,77,83,86,84,40,75
T. Courtois,86,Chelsea,Left,GK,3,1,84,87,69,88,49,86
T. Müller,86,FC Bayern München,Right,ST,4,3,77,84,80,79,46,72
Sergio Busquets,86,FC Barcelona,Right,CDM,3,3,51,59,79,74,83,81
M. Reus,86,Borussia Dortmund,Right,CAM,4,4,90,84,84,86,39,64
A. Sánchez,86,Arsenal,Right,LW,3,4,86,82,77,87,39,75
Á. Di María,86,Paris Saint-Germain,Left,RW,2,4,88,79,83,86,49,70
D. Godín,86,Atlético Madrid,Right,CB,3,2,69,48,64,62,87,78
M. Hummels,86,Borussia Dortmund,Right,CB,3,2,64,58,74,71,88,77
David Silva,86,Manchester City,Left,CAM,2,4,73,74,89,89,32,59
G. Higuaín,86,Napoli,Right,ST,4,3,81,86,68,82,24,74
K. Benzema,86,Real Madrid,Right,ST,4,4,83,84,76,81,22,74
Cesc Fàbregas,86,Chelsea,Right,CM,3,3,63,77,89,81,62,65
F. Ribéry,86,FC Bayern München,Right,CAM,4,5,85,77,84,90,25,59
G. Chiellini,86,Juventus,Left,CB,2,2,75,47,48,54,89,84
P. Čech,86,Arsenal,Left,GK,3,1,83,84,77,85,49,85
D. Alaba,85,FC Bayern München,Left,LB,4,3,86,72,81,83,83,73
H. Mkhitaryan,85,Borussia Dortmund,Right,CAM,5,4,85,78,82,88,55,72
A. Vidal,85,FC Bayern München,Right,CM,4,3,77,78,79,81,83,83
Diego Costa,85,Chelsea,Right,ST,4,3,77,82,63,79,40,88
E. Cavani,85,Paris Saint-Germain,Right,ST,3,3,76,83,71,81,42,80
I. Rakitić,85,FC Barcelona,Right,CM,3,3,68,83,86,82,59,67
Miranda,85,InterJun 30,Right,CB,3,2,76,49,56,65,89,78
H. Lloris,85,Tottenham Hotspur,Left,GK,1,1,87,82,68,88,64,81
Piqué,85,FC Barcelona,Right,CB,3,2,63,61,70,64,86,76
Santi Cazorla,85,Arsenal,Right,CAM,5,4,71,78,85,86,57,64
C. Tévez,85,Boca Juniors,Right,ST,3,3,88,88,76,87,45,83
V. Kompany,85,Manchester City,Right,CB,3,2,69,54,62,65,86,81
A. Barzagli,85,Juventus,Right,CB,3,2,75,36,55,63,89,79
B. Schweinsteiger,85,Manchester United,Right,CM,3,3,52,78,85,78,76,78
W. Rooney,85,Manchester United,Right,ST,4,3,73,85,81,80,47,86
Y. Touré,85,Manchester City,Right,CM,4,3,74,83,81,79,70,86
M. Verratti,84,Paris Saint-Germain,Right,CM,4,4,68,58,83,87,78,69
Isco,84,Real Madrid,Right,CAM,3,4,74,76,81,87,40,64
A. Griezmann,84,Atlético Madrid,Left,LW,3,4,86,83,77,85,29,68
N. Otamendi,84,Manchester City,Right,CB,3,2,75,56,56,53,85,82
M. Götze,84,FC Bayern München,Right,CAM,4,4,72,73,81,89,32,62
J. Pastore,84,Paris Saint-Germain,Right,CAM,4,4,74,77,84,86,58,68
Hulk,84,,Left,LW,3,4,85,87,81,82,43,86
Jordi Alba,84,FC Barcelona,Left,LB,3,3,92,69,75,82,80,75
Coutinho,84,Liverpool,Right,CAM,4,4,82,74,81,87,33,56
P. Aubameyang,84,Borussia Dortmund,Right,ST,4,3,96,83,75,80,37,71
İ. Gündoğan,84,Borussia Dortmund,Right,CAM,4,4,77,72,84,87,64,72
M. Pjanić,84,Roma,Right,CM,4,3,71,75,85,84,63,65
Javi Martinez,84,FC Bayern München,Right,CB,3,2,52,61,71,65,84,79
C. Marchisio,84,Juventus,Right,CM,4,4,79,73,83,83,76,78
Naldo,84,VfL Wolfsburg,Right,CB,4,2,73,69,64,63,88,74
B. Matuidi,84,Paris Saint-Germain,Left,CDM,3,2,75,67,77,75,83,81
L. Koscielny,84,Arsenal,Right,CB,3,2,78,40,62,65,85,77
S. Handanovič,84,Inter,Right,GK,2,1,87,80,70,87,56,87
J. Hart,84,Manchester City,Right,GK,3,1,84,81,75,88,60,84
Dani Alves,84,FC Barcelona,Right,RB,3,3,87,70,76,83,78,69
Pepe,84,Real Madrid,Right,CB,3,2,73,51,58,59,86,82
Xabi Alonso,84,FC Bayern München,Right,CM,4,2,33,70,88,77,76,70
J. Terry,84,Chelsea,Right,CB,4,2,34,47,57,52,87,81
G. Buffon,84,Juventus,Right,GK,2,1,85,79,71,83,46,89
A. Laporte,83,Athletic Club,Left,CB,2,2,69,37,59,60,86,78
Koke,83,Atlético Madrid,Right,LW,4,3,74,74,85,82,53,73
A. Lacazette,83,Olympique Lyonnais,Right,ST,3,4,87,82,75,85,34,75
K. Manolas,83,Roma,Right,CB,2,3,82,19,42,60,86,82
B. Leno,83,Bayer 04 Leverkusen,Right,GK,4,1,84,83,81,84,49,83
N. Matić,83,Chelsea,Left,CDM,3,3,67,70,76,72,81,88
Douglas Costa,83,FC Bayern München,Left,LW,3,5,91,76,78,86,50,63
C. Eriksen,83,Tottenham Hotspur,Right,CAM,5,4,76,75,84,83,44,59
C. Smalling,83,Manchester United,Right,CB,3,2,76,33,56,64,86,84
Thiago,83,FC Bayern München,Right,CAM,3,4,72,75,82,89,57,64
Pedro,83,Chelsea,Right,LW,5,4,82,76,77,84,37,62
Luiz Gustavo,83,VfL Wolfsburg,Left,CDM,3,2,70,60,70,71,84,82
S. Giovinco,83,Toronto FC,Right,ST,4,4,89,79,78,87,26,60
L. Bonucci,83,Juventus,Right,CB,3,2,71,50,65,69,85,81
N. Gaitán,83,SL Benfica,Left,LW,2,4,83,74,84,86,40,58
Willian,83,Chelsea,Right,RW,4,4,89,74,80,86,51,63
David Luiz,83,Paris Saint-Germain,Right,CB,3,3,73,64,73,73,83,77
B. Höwedes,83,FC Schalke 04,Right,CB,3,2,65,47,63,65,85,78
R. Fährmann,83,FC Schalke 04,Right,GK,2,1,83,83,51,87,43,84
R. Nainggolan,83,Roma,Right,CM,3,3,78,78,78,81,80,83
Juan Mata,83,Manchester United,Left,CAM,3,3,70,76,84,87,32,55
M. Benatia,83,FC Bayern München,Right,CB,3,2,65,44,54,61,85,83
D. Payet,83,West Ham United,Right,CAM,4,4,77,77,86,85,42,69
Jonas,83,SL Benfica,Right,ST,5,3,77,85,78,84,31,65
Marcelo,83,Real Madrid,Left,LB,4,3,81,68,77,84,81,79
C. Bravo,83,FC Barcelona,Right,GK,3,1,83,82,87,86,56,78
Sokratis,83,Borussia Dortmund,Right,CB,3,2,75,53,57,60,86,83
D. Sturridge,83,Liverpool,Left,ST,2,3,89,83,69,81,25,70
E. Garay,83,Zenit,Right,CB,3,2,52,57,68,64,87,78
S. Ruffier,83,AS Saint-Étienne,Right,GK,3,1,83,81,77,86,54,83
S. Mandanda,83,Olympique de Marseille,Right,GK,3,1,85,78,79,84,48,81
João Moutinho,83,AS Monaco,Right,CM,4,3,71,76,83,82,71,71
A. Turan,83,FC Barcelona,Right,CAM,4,4,74,74,83,87,61,73
J. Mascherano,83,FC Barcelona,Right,CDM,3,2,68,55,71,69,85,81
P. Mertesacker,83,Arsenal,Right,CB,3,2,31,41,57,48,88,75
Claudio Coíntra,82,Fluminense,Left,CAM,5,5,80,73,85,87,27,59
C. Bacca,82,AC Milan,Right,ST,2,2,84,82,64,81,24,73
Carvajal,82,Real Madrid,Right,RB,3,2,83,45,72,79,81,79
K. Bellarabi,82,Bayer 04 Leverkusen,Right,RW,3,4,90,76,76,85,33,65
J. Draxler,82,VfL Wolfsburg,Right,CAM,5,4,77,80,80,85,34,64
H. Kane,82,Tottenham Hotspur,Right,ST,3,3,73,82,71,78,42,80
Roberto Firmino,82,Liverpool,Right,ST,4,4,76,80,78,85,40,72
R. Varane,82,Real Madrid,Right,CB,3,2,79,45,60,63,84,77
Y. Konoplyanka,82,Sevilla FC,Right,LW,4,4,90,79,79,85,33,62
J. Oblak,82,Atlético Madrid,Right,GK,3,1,79,84,73,83,52,84
Nolito,82,RC Celta,Right,LW,3,4,77,79,79,84,39,67
G. Xhaka,82,Borussia Mönchengladbach,Left,CM,4,3,51,66,81,72,72,77
A. Lopes,82,Olympique Lyonnais,Left,GK,2,1,86,79,76,87,62,77
L. Insigne,82,Napoli,Right,LW,3,4,89,71,79,88,25,51
G. Krychowiak,82,Sevilla FC,Right,CDM,3,2,70,58,73,67,81,87
R. Rodriguez,82,VfL Wolfsburg,Left,LB,3,3,75,68,82,78,83,76
K. Navas,82,Real Madrid,Right,GK,3,1,83,78,70,85,56,79
R. Lukaku,82,Everton,Left,ST,4,3,83,82,66,73,34,84
M. ter Stegen,82,FC Barcelona,Right,GK,4,1,84,80,82,85,45,78
S. Mustafi,82,Valencia CF,Right,CB,3,2,71,57,62,59,82,79
Alex Sandro,82,Juventus,Left,LB,2,3,88,65,75,81,78,80
K. Glik,82,Torino,Right,CB,2,2,62,24,43,53,85,82
Parejo,82,Valencia CF,Right,CM,4,3,58,77,88,80,58,74
S. Kagawa,82,Borussia Dortmund,Right,CAM,4,4,80,66,75,87,34,49
K. Trapp,82,Paris Saint-Germain,Right,GK,4,1,83,79,79,85,49,80
Oscar,82,Chelsea,Right,CAM,3,4,77,75,79,83,43,47
A. Ramsey,82,Arsenal,Right,CM,3,3,69,77,79,81,67,76
Azpilicueta,82,Chelsea,Right,LB,3,3,79,56,75,74,84,76
Y. Brahimi,82,FC Porto,Right,LW,3,4,81,73,77,90,36,57
T. Alderweireld,82,Tottenham Hotspur,Right,CB,3,2,66,58,71,64,85,79
F. Muslera,82,Galatasaray SK,Right,GK,2,1,83,79,75,86,62,81
M. Mandžukić,82,Juventus,Right,ST,3,3,75,78,61,74,42,86
O. Giroud,82,Arsenal,Left,ST,3,2,64,82,69,72,38,83
J. Hernández,82,Bayer 04 Leverkusen,Right,ST,3,3,86,81,65,77,31,64
Y. Sommer,82,Borussia Mönchengladbach,Right,GK,4,1,84,82,83,86,51,76
S. Bender,82,Borussia Dortmund,Right,CB,4,2,66,54,65,63,84,83
L. Bender,82,Bayer 04 Leverkusen,Right,CDM,3,2,68,64,73,73,82,81
M. Schneiderlin,82,Manchester United,Right,CDM,3,2,64,63,75,74,80,82
J. Vertonghen,82,Tottenham Hotspur,Left,CB,3,2,71,67,70,69,83,81
A. Begović,82,Chelsea,Right,GK,2,1,83,80,74,84,55,80
M. Hamšik,82,Napoli,Right,CAM,4,3,76,77,82,81,62,69
S. Sirigu,82,Paris Saint-Germain,Right,GK,2,1,84,79,75,84,51,80
Falcao,82,Chelsea,Right,ST,4,3,71,81,64,78,37,72
Diego Alves,82,Valencia CF,Left,GK,2,1,88,76,76,87,54,77
S. Nasri,82,Manchester City,Right,CAM,4,4,79,76,82,85,38,57
G. Cahill,82,Chelsea,Right,CB,3,2,70,58,52,62,85,76
Filipe Luís,82,Atlético Madrid,Left,LB,3,3,82,62,76,76,81,78
L. Diarra,82,Olympique de Marseille,Right,CDM,3,2,78,53,73,80,81,79
L. Baines,82,Everton,Left,LB,3,3,75,75,81,77,81,74
Borja Valero,82,Fiorentina,Right,CAM,4,3,71,71,84,84,64,66
H. Ben Arfa,82,OGC Nice,Left,CAM,4,5,82,82,79,86,40,74
L. Perrin,82,AS Saint-Étienne,Right,CB,3,2,72,65,69,67,85,80
P. Zabaleta,82,Manchester City,Right,CB,3,3,73,56,70,74,85,83
W. Sneijder,82,Galatasaray SK,Right,CAM,5,3,73,78,85,83,38,55
Nani,82,Fenerbahçe SK,Right,LW,4,5,84,79,81,86,24,66
J. Mathieu,82,FC Barcelona,Left,CB,2,2,76,64,66,55,83,82
J. Toulalan,82,AS Monaco,Right,CDM,3,2,50,50,76,71,79,81
S. Lichtsteiner,82,Juventus,Right,RB,3,2,82,60,72,75,79,81
Aduriz,82,Athletic Club,Right,ST,3,3,73,83,63,72,47,80
D. De Rossi,82,Roma,Right,CB,4,2,68,64,74,70,81,82
T. Motta,82,Paris Saint-Germain,Left,CDM,4,3,44,66,77,73,78,82
Júlio César,82,SL Benfica,Left,GK,3,1,84,78,67,85,41,82
Danny,82,Zenit,Right,CAM,4,4,84,74,81,84,33,65
Casillas,82,FC Porto,Left,GK,2,1,86,75,67,86,64,79
Ronaldo Cabrais,81,Fluminense,Right,CAM,4,4,80,78,82,82,40,71
Louri Beretta,81,Palmeiras,Right,ST,3,3,82,84,59,70,34,75
J. Giménez,81,Atlético Madrid,Right,CB,3,2,72,45,51,52,84,82
P. Dybala,81,Juventus,Left,LW,2,4,87,83,74,89,25,60
D. Berardi,81,Sassuolo,Left,RW,3,3,87,80,75,84,30,71
Marquinhos,81,Paris Saint-Germain,Right,CB,3,2,73,38,67,69,84,76
William Carvalho,81,Sporting CP,Right,CDM,4,3,54,59,70,74,82,85
S. Savić,81,Atlético Madrid,Right,CB,3,2,66,35,52,57,84,77
R. Mahrez,81,Leicester City,Left,LW,4,5,82,76,77,87,30,58
R. Sterling,81,Manchester City,Right,RW,2,4,93,71,72,86,46,61
Lucas,81,Paris Saint-Germain,Right,RW,3,4,93,73,74,86,44,62
T. Horn,81,1. FC Köln,Left,GK,4,1,80,79,83,84,48,81
J. Cillessen,81,Ajax,Right,GK,3,1,80,84,74,78,52,81
Vitolo,81,Sevilla FC,Right,RW,4,3,80,75,78,82,28,72
S. de Vrij,81,Lazio,Right,CB,4,2,67,41,58,65,84,71
P. Herrmann,81,Borussia Mönchengladbach,Right,RW,3,3,91,75,75,83,31,62
A. Abdennour,81,Valencia CF,Left,CB,3,2,66,59,63,61,83,84
M. Perin,81,Genoa,Right,GK,3,1,80,78,71,90,56,78
S. Aurier,81,Paris Saint-Germain,Right,RB,3,3,85,66,73,77,79,81
J. Matip,81,FC Schalke 04,Right,CB,2,2,73,46,68,66,84,76
G. Medel,81,Inter,Right,CB,4,2,76,48,69,68,82,86
J. Cuadrado,81,Juventus,Right,RW,3,5,92,75,73,87,48,68
D. Subašić,81,AS Monaco,Right,GK,2,1,82,78,79,83,53,81
Ander Herrera,81,Manchester United,Right,CAM,4,4,75,72,82,84,63,70
Iturraspe,81,Athletic Club,Right,CDM,3,2,64,62,77,69,80,76
Iborra,81,Sevilla FC,Right,CDM,4,2,57,73,73,69,83,83
J. Wilshere,81,Arsenal,Left,CAM,2,3,76,69,81,84,62,73
M. Musacchio,81,Villarreal CF,Right,CB,3,2,67,51,66,58,84,77
Ö. Toprak,81,Bayer 04 Leverkusen,Right,CB,5,2,75,39,62,66,84,74
José Callejón,81,Napoli,Right,RW,2,3,90,76,70,82,35,63
S. Feghouli,81,Valencia CF,Right,RW,3,4,89,74,74,85,32,63
M. Darmian,81,Manchester United,Right,RB,5,2,80,51,70,76,81,77
Bruno,81,Villarreal CF,Left,CDM,3,3,54,72,78,74,78,76
M. Kruse,81,VfL Wolfsburg,Left,ST,4,3,74,80,79,82,39,73
M. Sakho,81,Liverpool,Left,CB,2,2,66,33,62,56,81,84
I. Perišić,81,Inter,Right,LW,5,4,84,79,79,80,38,74
S. Coleman,81,Everton,Right,RB,3,3,80,68,72,78,81,78
S. Khedira,81,Juventus,Right,CM,4,2,67,71,76,74,80,84
Sergio Asenjo,81,Villarreal CF,Right,GK,3,1,85,79,78,84,56,81
É. Banega,81,Sevilla FC,Right,CAM,4,4,65,70,84,82,64,69
Rui Patrício,81,Sporting CP,Left,GK,2,1,84,80,83,80,52,79
B. Trémoulinas,81,Sevilla FC,Left,LB,3,2,85,64,78,78,77,73
A. Witsel,81,Zenit,Right,CM,3,4,71,74,77,82,73,80
D. Mertens,81,Napoli,Right,RW,4,4,89,76,79,87,36,55
A. Candreva,81,Lazio,Right,RW,4,3,82,79,80,83,47,73
A. Guardado,81,PSV,Left,CM,2,3,83,67,80,83,66,67
José Fonte,81,Southampton,Right,CB,3,2,54,35,52,62,84,79
Raúl García,81,Athletic Club,Right,CM,3,3,66,78,83,79,66,80
N. Şahin,81,Borussia Dortmund,Left,CM,4,3,54,68,84,82,69,61
C. Vela,81,Real Sociedad,Left,RW,2,4,86,77,74,82,25,66
G. Castro,81,Borussia Dortmund,Right,CM,4,3,74,71,82,82,73,69
M. Škrtel,81,Liverpool,Right,CB,2,2,62,38,48,53,82,82
T. Walcott,81,Arsenal,Right,RW,3,3,96,77,75,80,38,66
A. Williams,81,Swansea City,Right,CB,4,2,70,43,55,62,81,82
J. Ménez,81,AC Milan,Right,ST,4,4,84,78,70,85,32,60
L. Biglia,81,Lazio,Right,CDM,4,3,71,64,78,74,76,76
B. Costil,81,Stade Rennais FC,Right,GK,3,1,82,80,78,85,51,82
Raúl Albiol,81,Napoli,Right,CB,3,2,61,41,57,59,84,76
A. Gignac,81,Tigres UANL,Right,ST,3,3,70,83,71,74,38,79
M. Gómez,81,Beşiktaş JK,Right,ST,4,2,72,83,62,73,28,78
K. Huntelaar,81,FC Schalke 04,Right,ST,4,3,66,83,64,71,32,72
Gabi,81,Atlético Madrid,Right,CM,3,2,66,72,80,75,73,72
Juanfran,81,Atlético Madrid,Right,RB,3,3,85,59,73,77,77,79
Negredo,81,Valencia CF,Left,ST,3,3,68,81,68,74,39,82
Raffael,81,Borussia Mönchengladbach,Right,CAM,4,4,74,78,79,85,41,67
G. Rodríguez,81,Fiorentina,Right,CB,3,2,68,44,60,65,85,75
V. Enyeama,81,Lille OSC,Right,GK,3,1,78,80,77,90,52,78
Kaká,81,Orlando City SC,Right,CAM,4,4,68,77,81,80,30,61
David Villa,81,New York City FC,Right,ST,5,4,73,83,73,82,31,68
Victor Valdés,81,Manchester United,Right,GK,3,1,81,78,77,82,57,84
P. Jagielka,81,Everton,Right,CB,3,2,67,46,58,55,83,81
P. Evra,81,Juventus,Left,LB,2,3,78,51,71,76,82,73
José Reina,81,Napoli,Right,GK,3,1,80,76,82,84,57,85
S. Gerrard,81,LA Galaxy,Right,CM,3,3,54,81,83,75,68,75
R. van Persie,81,Fenerbahçe SK,Left,ST,3,4,65,83,76,80,33,64
A. Pirlo,81,New York City FC,Right,CM,4,2,39,65,91,76,48,55
Gabri Prestão,80,Fluminense,Right,GK,3,1,86,74,70,83,60,80
Arthur Silbeira,80,Cruzeiro,Right,ST,3,4,78,82,64,82,33,64
E. Bailly,80,Villarreal CF,Right,CB,2,2,81,41,53,57,82,83
I. Slimani,80,Sporting CP,Right,ST,3,2,73,77,66,72,47,88
N. Maksimović,80,Torino,Right,CB,3,2,66,28,47,55,83,79
Aderllan Santos,80,Valencia CF,Right,CB,2,2,57,53,48,59,83,79
João Mário,80,Sporting CP,Right,RW,4,3,76,72,79,82,69,72
Gayà,80,Valencia CF,Left,LB,3,2,88,58,77,78,76,70
André Gomes,80,Valencia CF,Right,CM,4,3,73,70,78,82,69,81
Bruno Peres,80,Torino,Right,RB,3,3,92,67,71,81,74,75
M. Salah,80,Roma,Left,RW,4,4,91,71,69,86,45,65
Q. Promes,80,Spartak Moscow,Right,RW,4,4,88,81,74,83,28,67
Y. Carrasco,80,Atlético Madrid,Right,LW,4,4,88,75,77,84,28,64
F. Vázquez,80,Palermo FC,Left,CAM,3,3,69,78,78,83,42,70
Manu Trigueros,80,Villarreal CF,Right,CM,4,3,73,72,79,78,65,71
O. Shatov,80,Zenit,Right,LW,4,4,87,75,76,82,52,67
S. Umtiti,80,Olympique Lyonnais,Left,CB,3,2,77,63,68,70,81,79
Iñigo Martínez,80,Real Sociedad,Left,CB,2,2,74,56,61,60,82,80
L. Karius,80,1. FSV Mainz 05,Right,GK,3,1,82,74,79,85,49,79
Jesé,80,Real Madrid,Right,LW,4,4,87,75,72,84,24,58
Deulofeu,80,Everton,Right,RW,4,4,91,69,72,87,26,60
L. Kurzawa,80,Paris Saint-Germain,Left,LB,3,3,79,69,77,77,79,75
M. Icardi,80,Inter,Right,ST,4,2,78,81,60,76,26,65
Morata,80,Juventus,Right,ST,4,3,85,80,66,82,23,73
K. Koulibaly,80,Napoli,Right,CB,2,2,74,26,42,56,81,86
Danilo Pereira,80,FC Porto,Right,CB,3,2,68,61,67,74,82,86
J. Iličić,80,Fiorentina,Left,CAM,2,4,72,81,80,81,37,65
K. Volland,80,TSG 1899 Hoffenheim,Left,ST,3,3,81,80,78,80,39,82
Paco Alcácer,80,Valencia CF,Right,ST,4,3,76,80,62,76,30,69
Allan,80,Napoli,Right,CDM,3,3,77,63,76,78,79,80
André André,80,FC Porto,Right,CM,4,3,74,75,77,78,70,74
Danilo,80,Real Madrid,Right,RB,4,3,81,76,77,78,78,79
R. Barkley,80,Everton,Right,CAM,5,3,78,73,76,82,56,75
C. Bakambu,80,Villarreal CF,Right,ST,4,3,88,79,72,80,35,75
Marc Bartra,80,FC Barcelona,Right,CB,3,2,70,46,62,68,84,69
O. Özyakup,80,Beşiktaş JK,Right,CAM,4,4,75,76,83,83,59,71
P. Jones,80,Manchester United,Right,CB,3,2,66,56,65,62,81,80
Víctor Ruíz,80,Villarreal CF,Left,CB,2,2,65,42,64,60,81,81
X. Shaqiri,80,Stoke City,Left,LW,4,4,86,77,78,84,53,72
M. Gonalons,80,Olympique Lyonnais,Right,CDM,4,2,67,62,71,70,82,82
A. Aréola,80,Villarreal CF,Right,GK,3,1,83,79,72,84,53,76
R. Pereyra,80,Juventus,Right,RW,4,4,85,67,80,84,69,74
Mario Gaspar,80,Villarreal CF,Right,RB,3,2,82,71,70,74,80,80
H. Badstuber,80,FC Bayern München,Left,CB,3,2,57,51,72,53,81,73
M. Baša,80,Lille OSC,Right,CB,3,2,58,56,59,56,81,80
F. Orellana,80,RC Celta,Right,RW,4,4,82,72,73,85,32,53
N. Clyne,80,Liverpool,Right,RB,3,3,86,61,71,78,79,76
De Marcos,80,Athletic Club,Right,RB,3,3,89,62,73,78,74,80
W. Bony,80,Manchester City,Right,ST,4,3,72,82,59,74,39,85
K. Strootman,80,Roma,Left,CM,3,2,67,72,79,76,75,80
Muniain,80,Athletic Club,Right,LW,3,4,85,71,73,84,44,53
Daniel Carriço,80,Sevilla FC,Right,CB,3,2,63,53,68,63,81,79
G. Bonaventura,80,AC Milan,Right,LW,3,3,81,77,79,82,59,72
R. Bürki,80,Borussia Dortmund,Right,GK,2,1,82,79,71,85,51,79
N. Nkoulou,80,Olympique de Marseille,Right,CB,3,2,76,44,67,70,79,75
Taison,80,Shakhtar Donetsk,Right,RW,3,4,90,77,75,85,47,63
J. McCarthy,80,Everton,Right,CDM,4,3,72,67,76,76,78,81
Camacho,80,Málaga CF,Right,CDM,3,2,65,60,72,69,80,83
A. Dzyuba,80,Zenit,Right,ST,3,3,75,81,70,67,30,86
I. Smolnikov,80,Zenit,Right,RB,3,2,87,63,77,75,78,72
L. Stindl,80,Borussia Mönchengladbach,Right,ST,4,3,70,81,77,79,65,72
R. Zieler,80,Hannover 96,Right,GK,2,1,78,80,66,82,48,81
Mikel San José,80,Athletic Club,Right,CB,3,2,52,64,67,65,80,77
Adrien Silva,80,Sporting CP,Right,CM,4,3,60,76,81,79,68,65
C. Benteke,80,Liverpool,Right,ST,4,3,77,80,65,75,33,85
Roberto,80,Olympiacos FC,Right,GK,2,1,83,71,73,86,47,79
M. Parolo,80,Lazio,Right,CM,4,3,74,77,77,76,76,80
A. Chedjou,80,Galatasaray SK,Right,CB,3,2,73,60,69,69,79,84
M. Cáceres,80,Juventus,Right,CB,3,2,81,51,63,66,84,74
S. Jovetić,80,Inter,Right,CAM,4,4,77,80,77,84,34,69
V. Ćorluka,80,FC Lokomotiv,Right,CB,3,3,51,47,67,66,82,82
G. Wijnaldum,80,Newcastle United,Right,ST,2,3,82,75,74,85,57,70
E. Džeko,80,Roma,Right,ST,4,3,66,79,67,72,31,72
A. Lallana,80,Liverpool,Right,CAM,5,4,73,72,79,83,47,67
Hernanes,80,Juventus,Right,CAM,5,4,65,74,83,83,45,66
Alexandre Pato,80,Chelsea,Right,ST,3,4,86,79,68,82,27,68
S. Kjær,80,Fenerbahçe SK,Right,CB,3,2,66,42,63,53,83,80
L. Rémy,80,Chelsea,Right,ST,3,4,89,80,68,74,34,72
B. Ivanović,80,Chelsea,Right,CB,3,2,65,61,64,61,86,84
Kiko Casilla,80,Real Madrid,Right,GK,2,1,82,81,80,81,41,82
Nacho Monreal,80,Arsenal,Left,LB,3,2,77,53,72,75,81,73
Beñat,80,Athletic Club,Right,CM,3,2,63,76,84,75,66,74
Vieirinha,80,VfL Wolfsburg,Right,RW,4,4,80,74,77,86,65,66
M. Valbuena,80,Olympique Lyonnais,Right,RW,3,4,86,72,79,83,31,49
Bojan,80,Stoke City,Right,CAM,3,4,77,73,78,83,25,48
W. Reid,80,West Ham United,Right,CB,3,2,74,53,50,50,82,82
Ł. Piszczek,80,Borussia Dortmund,Right,RB,3,2,79,66,72,74,81,80
Coke,80,Sevilla FC,Right,RB,4,2,76,63,70,75,79,74
K. Mirallas,80,Everton,Right,RW,4,4,88,77,77,83,47,63
Fábio Coentrão,80,AS Monaco,Left,LB,2,3,78,66,73,79,78,73
Gervinho,80,Côte d,Right,LW,3,3,92,69,70,82,28,63
E. Lamela,80,Tottenham Hotspur,Left,CAM,2,4,80,78,78,84,43,64
R. Shawcross,80,Stoke City,Right,CB,3,2,60,44,52,50,82,84
Jardel,80,SL Benfica,Right,CB,3,2,63,44,51,54,83,82
E. Viviano,80,SampdoriaJun 1,Left,GK,2,1,81,80,79,84,32,78
Y. Cabaye,80,Crystal Palace,Right,CM,4,3,67,76,82,78,74,74
A. Consigli,80,Sassuolo,Right,GK,3,1,84,77,72,84,40,81
B. Sagna,80,Manchester City,Right,CB,4,3,75,53,65,74,82,79
M. Dembélé,80,Tottenham Hotspur,Left,CM,2,4,77,72,75,83,71,83
Llorente,80,Sevilla FC,Right,ST,3,2,58,77,59,68,28,79
Javi García,80,Zenit,Right,CB,3,2,63,67,75,68,80,86
Dante,80,VfL Wolfsburg,Left,CB,3,3,54,53,68,64,82,75
J. Farfán,80,,Right,RW,3,3,86,76,79,82,35,76
T. Vermaelen,80,FC Barcelona,Left,CB,3,2,70,64,70,65,81,75
R. Eremenko,80,PFC CSKA,Right,CAM,4,4,77,76,82,79,55,72
Jesús Navas,80,Manchester City,Right,RW,3,3,89,70,75,83,28,50
Javi Fuego,80,Valencia CF,Right,CDM,3,3,65,60,71,67,79,81
J. Sosa,80,Beşiktaş JK,Right,CAM,4,3,78,74,82,81,59,71
A. Pyatov,80,Shakhtar Donetsk,Right,GK,3,1,82,74,83,83,44,81
D. Srna,80,Shakhtar Donetsk,Right,CM,3,3,76,75,84,75,78,76
A. D'Alessandro,80,River Plate,Left,CAM,4,5,69,73,83,84,37,63
J. Milner,80,Liverpool,Right,CM,4,3,71,76,83,77,69,76
M. Vorm,80,Tottenham Hotspur,Right,GK,3,1,83,75,77,84,58,79
O. Martins,80,,Left,ST,5,4,91,76,67,81,34,73
Fernandinho,80,Manchester City,Right,CDM,4,3,77,75,77,78,76,77
R. Adler,80,Hamburger SV,Right,GK,3,1,80,78,73,84,41,79
C. Carrasso,80,FC Girondins de Bordeaux,Right,GK,3,1,78,79,81,82,40,79
D. Benaglio,80,VfL Wolfsburg,Right,GK,3,1,81,78,62,81,43,80
Moyá,80,Atlético Madrid,Right,GK,2,1,85,78,82,80,39,81
D. Drogba,80,CF Montréal,Right,ST,4,3,66,82,69,75,36,79
D. Berbatov,80,PAOK,Right,ST,3,4,57,80,80,80,22,60
M. Carrick,80,Manchester United,Right,CDM,3,2,52,66,80,72,77,67
Quaresma,80,Beşiktaş JK,Right,RW,4,5,84,76,80,86,18,65
S. Eto'o,80,Antalyaspor,Right,ST,3,4,74,82,74,80,36,71
Tiago,80,Atlético Madrid,Right,CM,3,4,58,69,78,74,68,75
Adilson Edrada,79,Atlético Mineiro,Right,CAM,3,4,81,73,73,81,37,55
Laure Santeiro,79,Grêmio,Left,CAM,5,5,82,64,71,86,26,51
Bernardo Silva,79,AS Monaco,Left,RW,3,4,79,68,77,82,45,60
N. Fekir,79,Olympique Lyonnais,Left,CAM,3,4,83,78,78,87,31,75
N. Kanté,79,Leicester City,Right,CDM,3,3,80,66,73,77,79,83
G. Rulli,79,Real Sociedad,Right,GK,3,1,82,77,70,83,51,78
Alisson,79,,Right,GK,2,1,75,76,70,86,39,78
N. Süle,79,TSG 1899 Hoffenheim,Right,CB,3,2,58,39,48,44,82,79
M. Meyer,79,FC Schalke 04,Right,CAM,4,4,75,63,77,84,35,54
Paulo Oliveira,79,Sporting CP,Right,CB,2,2,73,35,52,61,83,76
J. Vardy,79,Leicester City,Right,ST,3,3,92,79,62,76,56,79
F. Kostić,79,VfB Stuttgart,Left,LW,2,4,90,72,74,81,39,72
Saúl,79,Atlético Madrid,Left,CM,3,2,75,65,76,78,76,76
H. Çalhanoğlu,79,Bayer 04 Leverkusen,Right,CAM,5,4,74,80,80,78,41,57
D. Cheryshev,79,Valencia CF,Left,LW,3,3,84,73,75,80,56,71
Jorginho,79,Napoli,Right,CM,3,3,77,64,80,76,70,68
M. Nastasić,79,FC Schalke 04,Left,CB,3,2,70,31,55,51,82,74
Denis Suarez,79,Villarreal CF,Right,CAM,3,3,80,71,79,83,43,58
Bernat,79,FC Bayern München,Left,LB,3,3,81,60,76,82,78,67
M. Batshuayi,79,Olympique de Marseille,Right,ST,4,3,82,80,58,79,27,72
K. Zouma,79,Chelsea,Right,CB,3,2,73,50,58,55,80,81
A. Florenzi,79,Roma,Right,RW,3,3,85,79,78,81,74,77
D. Klaassen,79,Ajax,Right,CAM,3,2,73,77,73,75,65,78
A. Carrillo,79,Sporting CP,Right,RW,4,5,91,76,74,82,30,66
J. Butland,79,Stoke City,Right,GK,3,1,81,77,73,85,49,79
S. Zaza,79,Juventus,Left,ST,3,3,79,80,59,77,34,75
M. Depay,79,Manchester United,Right,ST,2,4,90,77,72,84,28,75
Aleix Vidal,79,FC Barcelona,Right,RW,4,3,91,68,72,82,69,77
J. Geis,79,FC Schalke 04,Right,CDM,4,2,59,67,84,73,76,78
Felipe Anderson,79,Lazio,Right,LW,4,4,92,74,72,86,30,55
P. Ntep,79,Stade Rennais FC,Right,RW,4,4,91,77,74,83,26,73
Rafinha,79,FC Barcelona,Left,CAM,4,4,76,73,77,85,62,63
J. Murillo,79,Inter,Right,CB,2,2,75,40,60,67,81,78
S. Rode,79,FC Bayern München,Right,CDM,3,3,76,62,72,74,79,78
Casemiro,79,Real Madrid,Right,CDM,3,2,65,68,70,71,76,83
F. Acerbi,79,Sassuolo,Left,CB,3,2,54,49,57,58,82,73
Lucas Pérez,79,RC Deportivo de La Coruña,Left,ST,3,4,77,80,75,80,31,71
J. Guilavogui,79,VfL WolfsburgJun 30,Right,CB,3,2,70,59,66,68,82,81
Pizzi,79,SL Benfica,Right,CAM,4,4,80,75,80,81,58,66
E. Pérez,79,Valencia CF,Right,CDM,4,3,76,71,76,78,76,80
Y. Rakitskyi,79,Shakhtar Donetsk,Left,CDM,3,2,72,64,75,72,81,78
K. Kampl,79,Bayer 04 Leverkusen,Right,CAM,4,4,82,68,76,85,55,62
D. Lovren,79,Liverpool,Right,CB,4,2,53,40,60,63,81,78
Neto,79,Juventus,Right,GK,2,1,84,75,73,85,51,77
D. Didavi,79,VfB Stuttgart,Left,CAM,3,3,75,80,77,78,39,71
Mário Fernandes,79,PFC CSKA,Right,RB,3,2,81,60,73,73,78,77
R. Cabella,79,Olympique de Marseille,Right,RW,4,4,83,73,77,85,51,56
A. Schürrle,79,VfL Wolfsburg,Right,RW,4,4,88,79,74,81,35,66
C. Immobile,79,Torino,Right,ST,3,3,81,81,61,76,35,74
G. Töre,79,Beşiktaş JK,Left,RW,4,4,87,72,77,84,36,77
E. Salvio,79,SL Benfica,Right,RW,4,4,88,74,73,85,44,68
D. Blind,79,Manchester United,Left,CDM,4,3,61,56,76,76,81,77
S. El Shaarawy,79,Roma,Right,LW,4,4,86,73,69,84,31,59
J. Zoet,79,PSV,Right,GK,4,1,79,76,78,84,50,79
Illarramendi,79,Real Sociedad,Right,CM,3,3,65,60,77,77,71,69
A. Ljajić,79,Inter,Right,LW,4,3,80,77,76,83,32,61
E. Mangala,79,Manchester City,Left,CB,4,2,74,41,56,61,78,85
T. Jantschke,79,Borussia Mönchengladbach,Right,CB,3,2,66,41,65,68,83,76
Canales,79,Real Sociedad,Left,CAM,3,4,71,74,80,80,26,63
Balenziaga,79,Athletic Club,Left,LB,4,2,79,48,72,75,79,79
F. Coquelin,79,Arsenal,Right,CDM,3,3,70,54,70,76,77,78
S. Rondón,79,West Bromwich Albion,Right,ST,4,3,77,78,56,74,31,80
Jonathas,79,Real Sociedad,Right,ST,3,2,74,81,58,73,31,81
B. Dost,79,VfL Wolfsburg,Right,ST,3,2,60,82,49,55,42,74
S. Doumbia,79,Newcastle UnitedJun 30,Right,ST,3,4,91,79,68,78,39,71
K. Walker,79,Tottenham Hotspur,Right,RB,2,2,89,63,71,73,78,80
Jefferson,79,Sporting CP,Left,LB,2,2,82,71,76,77,77,80
S. N'Zonzi,79,Sevilla FC,Right,CDM,3,3,66,58,71,76,77,83
Marlos,79,Shakhtar Donetsk,Left,LW,3,4,83,75,73,86,48,64
A. Dzagoev,79,PFC CSKA,Right,CM,3,4,75,74,78,78,69,73
O. Kıvrak,79,Trabzonspor,Right,GK,2,1,82,74,74,86,65,75
K. Asamoah,79,Juventus,Left,LW,3,4,81,75,76,83,67,77
M. Balotelli,79,AC Milan,Right,ST,4,4,76,81,69,81,26,75
D. Welbeck,79,Arsenal,Right,ST,3,3,86,76,71,80,34,79
K. Gibbs,79,Arsenal,Left,LB,2,3,81,57,72,77,80,72
G. Sigurðsson,79,Swansea City,Right,CAM,3,3,67,81,80,77,52,68
M. Arnautović,79,Stoke City,Right,LW,4,4,78,74,78,81,51,80
I. Traoré,79,Borussia Mönchengladbach,Left,LW,2,4,88,70,74,85,36,48
D. Perotti,79,Roma,Right,CAM,5,4,82,69,77,85,32,59
P. Piatti,79,Valencia CF,Left,LW,2,4,86,70,74,81,42,59
A. Ogbonna,79,West Ham United,Left,CB,3,2,71,40,50,59,83,79
J. Henderson,79,Liverpool,Right,CM,3,3,74,70,81,75,71,80
N. Subotić,79,Borussia Dortmund,Right,CB,3,2,71,45,51,45,82,78
O. Karnezis,79,Udinese,Right,GK,3,1,80,77,70,84,39,80
K. Mitroglou,79,SL Benfica,Left,ST,5,3,61,79,65,75,29,78
M. Sissoko,79,Newcastle United,Right,RW,2,2,81,74,75,78,72,85
A. Rami,79,Sevilla FC,Right,CB,3,2,62,54,45,57,82,81
M. Gradel,79,AFC Bournemouth,Right,LW,3,4,88,74,71,82,44,61
M. Pereira,79,FC Porto,Right,RB,3,2,76,69,74,77,79,78
Luiz Adriano,79,AC Milan,Right,ST,3,3,78,80,65,78,31,67
Rhodolfo,79,Beşiktaş JK,Right,CB,3,2,53,53,57,57,82,82
J. Lens,79,Sunderland,Right,LW,4,4,83,76,76,82,32,71
Eder,79,InterJun 30,Right,ST,4,3,85,79,70,82,25,60
S. Tasci,79,FC Bayern München,Right,CB,4,2,66,41,64,66,81,72
A. Fernández,79,Atlético Madrid,Right,CM,3,3,71,70,77,79,57,70
P. Wernbloom,79,PFC CSKA,Right,CB,2,2,60,67,67,67,80,85
K. Gameiro,79,Sevilla FC,Right,ST,3,3,79,78,75,78,35,68
A. Ayew,79,Swansea City,Left,RW,3,3,78,73,75,81,63,76
Lucas Leiva,79,Liverpool,Right,CDM,3,2,56,39,70,71,80,78
H. Moreno,79,PSV,Left,CB,2,2,67,43,62,62,81,76
C. Ansaldi,79,Genoa,Left,LB,4,3,78,59,72,73,77,71
D. Criscito,79,Zenit,Left,LB,3,2,81,60,73,74,78,78
D. Astori,79,FiorentinaJun 30,Left,CB,3,2,68,36,47,53,83,77
Castán,79,Roma,Left,CB,2,2,69,33,47,57,80,76
J. dos Santos,79,Villarreal CF,Right,RW,4,3,70,67,82,81,57,64
R. Vlaar,79,AZ Alkmaar,Right,CB,4,2,61,58,59,57,81,80
D. Basta,79,Lazio,Right,RB,3,2,81,67,71,76,80,77
Ş. Radu,79,Lazio,Left,CB,3,2,76,64,66,68,84,78
M. Boussoufa,79,KAA Gent,Right,CAM,3,5,79,73,80,83,42,54
A. Raggi,79,AS Monaco,Right,CB,3,2,61,53,65,64,81,76
B. Foster,79,West Bromwich Albion,Left,GK,3,1,81,78,73,84,49,77
R. Montolivo,79,AC Milan,Right,CM,4,2,58,71,82,77,64,68
M. Krohn-Dehli,79,Sevilla FC,Right,CM,4,3,70,66,81,78,58,71
Trashorras,79,Rayo Vallecano,Right,CM,3,3,39,68,85,73,72,71
M. Debuchy,79,FC Girondins de Bordeaux,Right,RB,3,3,75,65,73,73,79,78
Manuel Fernandes,79,FC Lokomotiv,Right,CAM,4,4,82,75,80,82,67,70
A. Granqvist,79,FC Krasnodar,Right,CB,4,2,48,58,59,55,82,78
Y. Gourcuff,79,Stade Rennais FC,Right,CAM,5,4,68,71,82,81,54,65
R. Palacio,79,Inter,Right,ST,3,3,81,77,74,84,38,69
A. Young,79,Manchester United,Right,RW,3,4,83,72,77,82,52,58
G. Clichy,79,Manchester City,Left,LB,4,2,83,43,65,73,79,68
R. Mavuba,79,Lille OSC,Right,CDM,3,2,63,52,72,72,77,76
Luisão,79,SL Benfica,Right,CB,2,2,39,53,59,55,81,76
I. Akinfeev,79,PFC CSKA,Right,GK,3,1,78,74,77,83,50,78
I. Denisov,79,FC Dynamo Moscow,Right,CDM,3,2,75,66,74,76,77,75
A. Samedov,79,FC Lokomotiv,Right,RW,3,3,81,73,80,78,50,71
Soldado,79,Villarreal CF,Right,ST,3,3,68,79,73,75,42,71
Diego López,79,AC Milan,Right,GK,3,1,80,76,72,78,44,82
V. Demirel,79,Fenerbahçe SK,Right,GK,2,1,82,76,78,82,42,77
G. Ochoa,79,Málaga CF,Right,GK,3,1,79,69,77,87,49,79
F. Marchetti,79,Lazio,Left,GK,3,1,82,74,66,86,52,78
D. Baier,79,FC Augsburg,Right,CDM,3,3,68,59,78,77,75,71
S. Kießling,79,Bayer 04 Leverkusen,Right,ST,3,2,65,82,70,67,45,81
Diego,79,Fenerbahçe SK,Right,CAM,4,4,74,71,82,83,34,63
Alex,79,AC Milan,Right,CB,3,2,51,56,47,54,81,79
Felipe Melo,79,Inter,Right,CB,3,3,70,69,72,71,79,84
S. İnan,79,Galatasaray SK,Right,CM,4,3,68,74,81,78,72,72
Rubén Castro,79,Real Betis Balompié,Right,ST,3,3,80,80,65,82,23,65
Iraizoz,79,Athletic Club,Right,GK,3,1,71,82,80,76,33,84
C. Kameni,79,Málaga CF,Right,GK,3,1,83,80,70,87,45,75
Reyes,79,Sevilla FC,Left,RW,3,4,71,72,80,83,28,57
Z. Tošić,79,PFC CSKA,Left,RW,3,4,85,76,75,83,39,61
Maxwell,79,Paris Saint-Germain,Left,LB,2,3,73,68,79,77,78,74
Fernando Torres,79,Atlético Madrid,Right,ST,4,3,78,78,71,79,25,70
Joaquín,79,Real Betis Balompié,Right,RW,3,3,78,72,82,83,38,60
T. Howard,79,Colorado Rapids,Right,GK,3,1,80,76,77,79,49,78
M. Klose,79,Lazio,Right,ST,4,2,69,75,61,70,28,63
T. Rosický,79,Arsenal,Right,CAM,3,3,67,69,80,82,43,62
A. Cassano,79,Sampdoria,Right,CAM,4,3,39,76,85,82,17,48
G. Barry,79,Everton,Left,CDM,3,2,42,65,80,66,80,78
R. Weidenfeller,79,Borussia Dortmund,Left,GK,1,1,79,81,53,77,23,79
F. Totti,79,Roma,Right,CAM,5,3,38,84,87,80,21,67
R. Keane,79,LA Galaxy,Right,ST,4,3,68,82,75,82,31,69
D. Boyko,78,Beşiktaş JK,Right,GK,3,1,83,69,68,84,48,79
Formosandrinho,78,Vasco da Gama,Right,ST,3,3,81,82,60,73,23,64
Nicholas Aldair,78,Atlético Mineiro,Right,ST,3,4,69,80,68,74,43,76
Fábio Melitinho,78,Internacional,Right,CAM,5,4,51,75,81,82,30,52
David Seijalbo,78,Atlético Mineiro,Left,CDM,2,2,65,53,64,64,76,83
Sidney Pessinho,78,Santos,Right,CDM,3,3,72,62,75,69,78,81
Josué Chiamulera,78,Atlético Mineiro,Right,CB,3,2,80,43,55,60,80,72
Eltildo Correia,78,Santos,Right,CB,3,2,58,51,61,49,79,79
Caio Nunson,78,Palmeiras,Left,CB,3,3,60,52,62,59,78,78
Juiano Mestres,78,Internacional,Right,CB,3,2,71,61,57,62,80,74
Gazzolisco,78,Grêmio,Left,CB,5,4,82,67,72,71,78,86
Raphaelito Anjos,78,Ponte Preta,Right,GK,2,1,77,81,82,82,42,73
Danilo,78,Valencia CF,Right,CDM,2,2,68,59,70,76,78,79
Rafa,78,Sporting Clube de Braga,Right,LW,4,4,92,66,72,83,34,45
M. Brozović,78,Inter,Right,CM,4,2,75,72,78,79,67,70
M. Sportiello,78,Atalanta,Right,GK,2,1,84,72,70,86,43,76
L. López,78,SL Benfica,Right,CB,3,2,66,52,50,64,80,79
F. Pardo,78,Olympiacos FC,Right,RW,4,3,86,76,69,79,34,78
K. Coman,78,FC Bayern MünchenJun 30,Right,LW,3,3,93,72,71,82,19,55
S. Boufal,78,Lille OSC,Right,CAM,4,5,85,70,72,85,36,49
D. Rugani,78,Juventus,Right,CB,3,2,66,39,50,62,83,75
A. Martial,78,Manchester United,Right,ST,4,4,89,77,68,83,29,76
J. Quintero,78,FC Porto,Left,CAM,2,4,77,72,80,84,28,45
K. Wimmer,78,Tottenham Hotspur,Left,CB,3,2,67,27,61,65,80,75
Fabinho,78,AS Monaco,Right,RB,2,3,74,59,72,75,78,78
Fred,78,Shakhtar Donetsk,Left,CM,4,3,82,70,75,82,71,64
Óliver Torres,78,Atlético Madrid,Right,CAM,4,4,73,66,76,84,57,49
S. Mané,78,Southampton,Right,RW,3,4,92,73,70,82,35,64
H. Ziyech,78,FC Twente,Left,CAM,2,3,73,76,80,76,46,64
Lucas Vázquez,78,Real Madrid,Right,RW,4,3,82,71,75,80,40,62
J. Hector,78,1. FC Köln,Left,LB,3,3,77,59,73,76,77,75
A. Samaris,78,SL Benfica,Right,CB,3,3,62,68,72,74,78,83
J. Veltman,78,Ajax,Right,CB,4,2,67,51,62,67,81,73
L. Vietto,78,Atlético Madrid,Right,CAM,3,4,78,77,72,85,36,62
M. Kovačić,78,Real Madrid,Right,CAM,4,4,81,67,82,85,49,65
E. Vargas,78,TSG 1899 Hoffenheim,Right,RW,4,4,84,76,72,82,32,63
T. Stepanenko,78,Shakhtar Donetsk,Left,CDM,3,2,67,61,69,69,79,80
J. Willems,78,PSV,Left,LB,4,4,83,62,77,79,75,78
L. Shaw,78,Manchester United,Left,LB,2,2,82,40,70,78,77,75
Leo Baptistao,78,Villarreal CF,Right,ST,3,3,79,74,69,80,26,64
Bernard,78,Shakhtar Donetsk,Right,RW,4,4,87,70,75,84,40,44
C. Sánchez,78,Monterrey,Right,RW,3,3,90,73,76,76,44,71
D. Baselli,78,Torino,Right,CM,3,3,77,72,80,79,64,70
C. Kramer,78,Bayer 04 Leverkusen,Right,CDM,3,3,67,45,69,74,77,77
Joãozinho,78,FC Krasnodar,Left,LW,2,4,92,75,78,80,61,52
T. Hazard,78,Borussia Mönchengladbach,Right,CAM,3,3,77,74,76,82,35,61
V. Germain,78,OGC Nice,Right,ST,4,3,79,79,75,78,31,67
F. Fernández,78,Swansea City,Right,CB,2,2,53,28,51,50,81,76
M. Rojo,78,Manchester United,Left,CB,2,3,74,60,68,69,81,83
F. Ghoulam,78,Napoli,Left,LB,4,2,81,64,71,73,76,79
Gabriel,78,Arsenal,Right,CB,2,2,70,54,65,64,80,76
V. Darida,78,Hertha BSC,Right,CM,3,3,69,74,77,80,63,61
M. Badelj,78,Fiorentina,Right,CDM,4,3,62,60,77,73,75,74
L. Tonelli,78,Empoli,Right,CB,3,2,72,31,45,58,81,76
R. Saponara,78,Empoli,Right,CAM,4,3,76,69,79,81,31,67
N. Chadli,78,Tottenham Hotspur,Right,LW,4,3,77,76,76,79,45,78
Cristian Tello,78,Fiorentina,Right,RW,3,3,92,70,71,82,24,60
Sergi Roberto,78,FC Barcelona,Right,CM,3,3,77,65,81,75,67,73
B. Martins Indi,78,FC Porto,Left,CB,3,2,61,48,60,61,79,81
W. Ben Yedder,78,Toulouse FC,Right,RW,5,4,82,78,77,83,34,64
D. Tadić,78,Southampton,Left,CAM,2,4,71,68,80,83,37,66
C. Aránguiz,78,Bayer 04 Leverkusen,Right,CM,4,3,78,72,82,76,57,66
M. Ryan,78,Valencia CF,Right,GK,4,1,80,74,82,84,60,75
A. Oxlade-Chamberlain,78,Arsenal,Right,RW,4,4,89,71,73,84,42,70
W. Zaha,78,Crystal Palace,Right,RW,3,4,89,69,68,85,30,68
M. Gabbiadini,78,Napoli,Left,CAM,3,3,82,83,72,79,26,72
Tomás Pina,78,Villarreal CF,Right,CM,3,3,63,60,74,76,71,79
Rodrigo,78,Valencia CF,Left,RW,3,4,85,76,71,79,32,71
G. Imbula,78,Stoke City,Left,CM,3,3,77,61,72,79,74,77
N. Lodeiro,78,Seattle Sounders FC,Left,CAM,4,4,72,70,80,80,37,64
D. Caligiuri,78,VfL Wolfsburg,Right,LW,3,4,83,72,74,82,31,68
Mexer,78,Stade Rennais FC,Right,CB,3,2,69,48,59,63,80,77
T. Gutiérrez,78,Sporting CP,Right,ST,3,3,70,79,71,80,26,74
Baena,78,Rayo Vallecano,Right,CDM,3,2,52,54,69,65,78,80
J. Bruma,78,PSV,Right,CB,3,2,66,53,63,59,79,82
Adrián,78,West Ham United,Right,GK,2,1,80,75,71,86,45,75
W. Khazri,78,Sunderland,Right,RW,4,3,76,80,79,79,43,69
Montoya,78,Real Betis Balompié,Right,RB,4,2,86,50,72,76,75,76
Hugo Mallo,78,RC Celta,Right,RB,3,2,78,40,72,73,76,74
Y. Belhanda,78,FC Schalke 04,Right,CAM,4,4,71,74,79,82,56,66
O. Baumann,78,TSG 1899 Hoffenheim,Right,GK,3,1,81,76,54,83,49,76
M. Braithwaite,78,Toulouse FC,Right,LW,4,4,87,76,73,80,34,78
Jaume Costa,78,Villarreal CF,Left,LB,3,3,84,59,71,74,75,75
J. Corona,78,FC Porto,Right,RW,5,4,82,70,71,86,46,51
R. Hamouma,78,AS Saint-Étienne,Right,RW,4,4,82,77,77,80,43,66
Iago Aspas,78,RC Celta,Left,ST,3,3,81,77,71,84,29,60
Y. Malli,78,1. FSV Mainz 05,Right,CAM,4,3,77,70,74,82,36,59
L. Sané,78,FC Girondins de Bordeaux,Right,CB,2,2,70,44,63,66,80,78
A. Kokorin,78,Zenit,Right,ST,3,3,85,77,71,78,45,70
O. Alonso,78,Seattle Sounders FC,Right,CDM,4,2,78,62,70,76,75,80
Iago Falqué,78,Roma,Left,RW,3,4,80,69,74,82,33,56
Álvaro Domínguez,78,Borussia Mönchengladbach,Left,CB,3,2,66,34,64,59,79,79
L. de Jong,78,PSV,Right,ST,4,2,63,77,70,73,42,72
Susaeta,78,Athletic Club,Right,RW,3,3,77,74,81,79,29,65
A. Dragović,78,,Right,CB,4,2,72,51,62,65,82,76
M. Lanzini,78,West Ham United,Right,CAM,3,4,82,71,76,84,27,53
M. Schmelzer,78,Borussia Dortmund,Left,LB,2,2,78,51,69,69,78,78
Ganso,78,,Left,CAM,3,4,48,72,82,81,46,65
C. Noboa,78,FC Rostov,Right,CM,3,2,73,71,81,78,75,76
Maurício,78,Lazio,Right,CB,3,2,69,47,52,54,81,80
Y. M'Vila,78,Sunderland,Right,CDM,3,2,75,60,75,73,74,78
W. Szczęsny,78,Roma,Right,GK,3,1,83,74,71,84,45,73
N. Kalinić,78,Fiorentina,Right,ST,4,3,74,77,62,73,35,75
I. Popov,78,Spartak Moscow,Right,CAM,4,3,80,75,77,75,48,71
A. Kolarov,78,Manchester City,Left,LB,3,2,67,69,78,74,79,79
K. Papadopoulos,78,Bayer 04 Leverkusen,Right,CB,3,2,65,43,52,50,78,84
Fernando,78,Manchester City,Right,CB,2,2,67,61,68,67,79,83
G. van der Wiel,78,Paris Saint-Germain,Right,RB,3,3,81,64,71,76,76,74
C. Yacob,78,West Bromwich Albion,Right,CDM,3,2,53,59,66,69,78,76
L. Fejsa,78,SL Benfica,Right,CDM,3,2,53,62,68,69,78,80
R. Bobadilla,78,FC Augsburg,Right,ST,3,3,71,78,71,78,37,86
N. Amrabat,78,Watford,Right,CAM,2,4,86,76,78,84,38,72
H. Nordtveit,78,Borussia Mönchengladbach,Right,CB,3,2,66,53,71,66,79,79
B. Dzsudzsák,78,Bursaspor,Left,LW,4,4,79,78,78,78,26,64
Beto,78,Sevilla FC,Right,GK,3,1,82,75,77,81,40,77
A. Modeste,78,1. FC Köln,Right,ST,3,3,76,77,64,72,32,80
M. Yanga-M'Biwa,78,Olympique Lyonnais,Right,CB,3,2,78,35,54,63,79,78
M. Suchý,78,FC Basel 1893,Right,CB,3,2,76,52,57,66,79,82
Guilherme,78,FC Lokomotiv,Right,GK,2,1,82,72,71,83,59,78
E. Insua,78,VfB Stuttgart,Left,CB,2,3,78,70,73,74,80,78
M. Sall,78,AS Saint-Étienne,Right,CB,3,2,52,57,58,50,80,86
Mosquera,78,RC Deportivo de La Coruña,Left,CM,3,2,60,61,78,71,70,69
M. Layún,78,FC Porto,Right,RB,5,3,84,73,77,78,73,73
Weligton,78,Málaga CF,Left,CB,3,2,53,38,52,54,81,77
D. Mbokani,78,Norwich City,Right,ST,3,3,82,76,61,76,33,78
F. Johnson,78,Borussia Mönchengladbach,Right,LW,4,3,87,67,75,78,70,71
B. Ruíz,78,Sporting CP,Left,CAM,2,4,69,74,80,83,53,57
M. Fellaini,78,Manchester United,Right,CB,3,3,57,73,71,73,75,90
M. Berg,78,Panathinaikos FC,Right,ST,4,3,73,79,64,75,29,69
A. Ramos,78,Borussia Dortmund,Right,ST,3,3,83,75,65,75,37,73
D. Ospina,78,Arsenal,Right,GK,3,1,83,71,78,84,34,77
I. Piatti,78,CF Montréal,Right,LW,4,4,77,76,73,83,44,69
S. Kums,78,KAA Gent,Right,CM,4,2,66,64,79,76,69,65
Pedro León,78,Getafe CF,Right,RW,3,3,68,74,85,79,41,58
F. Caicedo,78,RCD Espanyol,Left,ST,3,3,75,78,63,73,47,82
Marcano,78,FC Porto,Left,CB,3,2,69,50,65,63,82,75
Z. Junuzović,78,SV Werder Bremen,Right,RW,4,3,77,72,81,80,69,74
S. Mignolet,78,Liverpool,Right,GK,2,1,82,73,65,84,57,72
Siqueira,78,Valencia CFJun 30,Left,LB,3,3,79,66,75,80,74,77
Carlos Martínez,78,Real Sociedad,Right,RB,2,2,70,51,71,67,79,76
D. Valeri,78,Portland Timbers,Right,CAM,3,3,68,74,79,76,37,63
Mario Suárez,78,Watford,Right,CM,3,3,63,68,77,74,74,76
S. Defour,78,RSC Anderlecht,Right,CM,3,3,68,70,77,76,74,73
C. Tioté,78,Newcastle United,Right,CB,3,3,68,57,66,72,79,88
T. Krul,78,Newcastle United,Left,GK,2,1,81,77,73,83,42,75
G. dos Santos,78,LA Galaxy,Left,LW,4,4,86,79,73,85,29,53
R. Bertrand,78,Southampton,Left,LB,3,2,78,46,69,75,79,73
D. Rose,78,Tottenham Hotspur,Left,LB,3,3,82,63,71,76,77,74
J. Evans,78,West Bromwich Albion,Right,CB,2,2,68,32,57,52,80,73
K. Vermeer,78,Feyenoord,Right,GK,3,1,82,70,70,84,58,77
Rafinha,78,FC Bayern München,Right,RB,3,3,74,46,73,76,77,67
Danilo,78,Udinese,Right,CB,3,2,53,39,46,49,84,71
J. Błaszczykowski,78,Fiorentina,Right,RW,4,3,80,71,77,81,54,67
Ł. Fabiański,78,Swansea City,Right,GK,2,1,77,80,73,84,48,78
G. Pellè,78,Southampton,Right,ST,4,2,55,78,61,67,33,83
K. Schmeichel,78,Leicester City,Right,GK,3,1,81,74,85,82,62,77
N. Lombaerts,78,Zenit,Left,CB,2,2,41,49,67,59,80,79
G. Rossi,78,Levante UD,Left,ST,3,3,82,82,73,84,23,52
Jesús Gámez,78,Atlético Madrid,Right,CB,3,2,71,51,64,66,81,83
F. Quagliarella,78,Sampdoria,Right,ST,4,2,73,84,71,77,24,69
E. Lavezzi,78,Ar,Right,LW,4,4,82,71,74,81,33,73
C. Gentner,78,VfB Stuttgart,Right,CM,4,2,60,76,75,71,75,80
I. Afellay,78,Stoke City,Right,CAM,4,4,77,73,78,81,50,61
S. Kalou,78,Hertha BSC,Right,ST,3,4,76,78,69,84,27,64
S. Dann,78,Crystal Palace,Right,CB,3,2,52,37,54,51,80,78
A. Song,78,West Ham UnitedJun 30,Right,CDM,3,3,70,56,70,70,74,82
A. Talavera,78,Toluca,Right,GK,4,1,82,75,71,82,58,78
C. Dempsey,78,Seattle Sounders FC,Right,ST,4,4,69,81,73,78,42,74
M. Bradley,78,Toronto FC,Right,CM,3,2,69,69,78,79,72,83
Hilton,78,Montpellier HSC,Right,CB,3,2,63,51,68,68,80,76
P. Batalla,78,Bursaspor,Right,CAM,4,4,73,73,79,81,37,59
C. Jallet,78,Olympique Lyonnais,Right,RB,3,2,74,66,77,73,77,77
L. Podolski,78,Galatasaray SK,Left,ST,2,3,81,86,75,77,39,71
V. Berezutskiy,78,PFC CSKA,Right,CB,3,2,54,39,65,47,82,81
Mikel Rico,78,Athletic Club,Right,CDM,4,3,61,66,74,70,73,78
O. Wendt,78,Borussia Mönchengladbach,Left,LB,2,3,78,57,78,79,76,71
A. Gómez,78,Atalanta,Right,LW,4,4,89,70,72,83,31,58
L. López,78,Racing Club,Right,ST,4,4,77,77,72,77,46,72
E. Spahić,78,Hamburger SV,Left,CB,4,2,56,41,56,46,80,74
A. Mirante,78,Bologna,Right,GK,2,1,81,79,66,82,43,76
Helton,78,FC Porto,Right,GK,3,1,81,76,71,82,63,75
E. Cambiasso,78,Olympiacos FC,Left,CDM,4,2,55,73,76,73,77,74
Bruno Alves,78,Fenerbahçe SK,Right,CB,3,2,61,69,67,68,77,84
R. Huth,78,Leicester City,Right,CB,3,2,44,54,49,40,80,86
W. Morgan,78,Leicester City,Right,CB,3,2,52,30,41,56,80,83
M. Demichelis,78,Manchester City,Right,CB,3,2,34,40,53,42,79,76
A. Hutchinson,78,Beşiktaş JK,Right,CDM,4,3,72,65,74,73,75,78
M. Topal,78,Fenerbahçe SK,Right,CB,4,2,67,66,66,69,81,83
B. Yılmaz,78,,Right,ST,3,3,82,81,65,68,31,76
A. Meier,78,Eintracht Frankfurt,Right,ST,2,3,54,82,76,71,52,75
K. Touré,78,Liverpool,Right,CB,3,2,68,61,61,55,79,80
E. Adebayor,78,Crystal Palace,Right,ST,3,4,72,77,68,74,31,77
J. Defoe,78,Sunderland,Right,ST,4,3,77,83,61,79,25,66
Ricardo Carvalho,78,AS Monaco,Right,CB,3,2,40,47,60,56,80,66
Hélton Celanova,77,Fluminense,Left,ST,3,3,55,81,59,67,23,73
Alvildo Sousa,77,Ponte Preta,Right,CAM,3,4,69,70,74,79,35,70
Ailton Guevara,77,Club Athletico Paranaense,Right,CAM,3,5,70,78,74,80,28,63
Paolito Serra,77,Atlético Mineiro,Right,CB,3,2,38,47,49,51,80,71
Kaimo Lima,77,Fluminense,Left,CB,3,2,77,63,69,68,80,71
Jesus Andradaldo,77,Atlético Mineiro,Right,RB,3,3,73,46,67,73,81,68
Nelsildo Reis,77,Club Athletico Paranaense,Right,GK,3,1,80,78,83,77,52,76
Fred Aníbão,77,Palmeiras,Right,GK,2,1,71,82,83,82,32,73
Emerson Avintes,77,Club Athletico Paranaense,Right,CAM,3,3,69,77,74,78,26,62
Rosberto Dourado,77,Santos,Right,CDM,4,3,80,50,72,75,75,74
Juli Freitinho,77,Grêmio,Right,CB,3,2,47,44,55,52,78,79
Osvaldo Lodeiro,77,Vasco da Gama,Right,CB,3,2,73,50,58,54,79,73
Antônio Chiamuloira,77,Santos,Left,CB,3,3,57,48,58,49,78,78
V. Janssen,77,AZ Alkmaar,Left,ST,4,2,72,79,53,69,23,80
Jony,77,Real Sporting de Gijón,Left,LW,3,3,86,72,76,76,46,72
Morales,77,Levante UD,Right,LW,4,3,85,71,72,81,51,61
Wendell,77,Bayer 04 Leverkusen,Left,LB,2,3,86,46,72,78,73,72
A. Halilović,77,Real Sporting de Gijón,Left,CAM,3,4,81,65,76,79,47,52
Y. Lodygin,77,Zenit,Right,GK,2,1,81,75,77,84,44,71
Jemerson,77,AS Monaco,Right,CB,2,2,67,32,48,55,80,73
B. Keita,77,Lazio,Right,LW,4,4,90,70,69,83,29,71
D. Zapata,77,UdineseJun 30,Right,ST,4,2,74,78,52,73,27,78
Á. Correa,77,Atlético Madrid,Right,ST,4,4,84,78,65,86,49,58
S. Kritsyuk,77,FC Krasnodar,Right,GK,2,1,79,77,73,81,48,76
D. Rolán,77,FC Girondins de Bordeaux,Right,ST,4,4,78,77,72,80,31,64
L. Vangioni,77,River Plate,Left,LB,2,3,88,66,70,73,74,73
F. Bernardeschi,77,Fiorentina,Left,LW,3,4,83,70,74,82,36,64
R. Bazoer,77,Ajax,Right,CM,3,3,76,66,75,79,65,75
L. Marković,77,Fenerbahçe SKMay 31,Right,RW,3,4,94,66,71,83,40,55
A. Hahn,77,Borussia Mönchengladbach,Right,RW,4,2,85,78,72,72,52,83
D. Alli,77,Tottenham Hotspur,Right,CAM,3,3,74,74,71,76,61,75
C. Mbemba,77,Newcastle United,Right,CB,3,2,79,56,54,69,78,79
M. Sanson,77,Montpellier HSC,Right,CM,4,3,73,71,76,76,72,73
E. Hysaj,77,Napoli,Right,RB,4,2,82,48,63,71,77,75
Samu Castillejo,77,Villarreal CF,Left,LW,2,3,86,59,74,81,37,49
H. Kiyotake,77,Hannover 96,Right,CAM,3,3,72,69,81,80,27,48
F. Schär,77,TSG 1899 Hoffenheim,Right,CB,4,2,66,64,71,65,76,78
A. Rabiot,77,Paris Saint-Germain,Left,CM,3,3,63,70,75,75,68,75
L. Goretzka,77,FC Schalke 04,Right,CM,4,3,81,68,75,77,73,71
A. Baba,77,Chelsea,Left,LB,3,3,86,50,67,76,75,74
O. Niasse,77,Everton,Right,ST,3,2,83,77,57,77,30,75
E. Durm,77,Borussia Dortmund,Right,LB,3,3,83,55,66,74,74,71
Sergio Rico,77,Sevilla FC,Right,GK,3,1,79,75,76,80,52,78
M. Arnold,77,VfL Wolfsburg,Left,CM,3,3,70,79,73,78,63,65
Alberto Moreno,77,Liverpool,Left,LB,3,2,87,66,70,79,72,67
S. Gentiletti,77,Lazio,Left,CB,2,2,69,36,59,63,79,73
Marcelo,77,Rio Ave FC,Right,CB,2,2,75,28,49,53,80,73
A. Milik,77,Ajax,Left,ST,3,2,74,81,62,71,37,73
R. Álvarez,77,Sampdoria,Left,ST,2,4,66,73,79,82,54,72
Rubén Pardo,77,Real Sociedad,Right,CM,4,2,70,62,80,78,58,60
Diogo Figueiras,77,Sevilla FC,Right,RB,3,2,78,57,67,76,76,72
J. Okore,77,Aston Villa,Right,CB,3,2,79,41,50,60,75,83
J. Brooks,77,Hertha BSC,Left,CB,3,2,74,36,55,55,81,73
Š. Vrsaljko,77,Sassuolo,Right,RB,3,2,81,51,70,73,75,74
Héctor Bellerín,77,Arsenal,Right,RB,3,3,95,51,67,76,73,68
J. Stones,77,Everton,Right,CB,3,2,74,36,65,69,78,76
L. Bangoura,77,Stade de Reims,Right,RW,2,4,92,68,67,83,26,64
V. van Dijk,77,Southampton,Right,CB,3,2,67,61,65,67,78,83
J. Vestergaard,77,SV Werder Bremen,Left,CB,3,2,46,47,57,50,79,81
Fernando,77,Sampdoria,Right,CDM,3,3,76,65,68,66,78,80
S. Sturaro,77,Juventus,Right,CM,3,2,79,68,75,77,73,79
S. Sané,77,Hannover 96,Right,CB,3,3,64,47,65,67,81,81
N. Sansone,77,Sassuolo,Right,LW,3,3,82,71,71,82,22,59
G. Ramírez,77,MiddlesbroughMay 31,Left,CAM,3,4,74,75,76,80,41,62
Samuel,77,Villarreal CF,Right,RW,4,3,78,68,79,77,21,62
A. Mandi,77,Stade de Reims,Right,CB,3,2,71,46,73,68,77,72
Cédric,77,Southampton,Right,RB,4,2,78,68,72,76,75,72
A. Marchesín,77,Santos Laguna,Right,GK,3,1,78,75,75,82,28,75
Rafael Martins,77,Moreirense FC,Right,ST,3,3,76,78,60,71,29,80
B. Lecomte,77,FC Lorient,Left,GK,3,1,79,73,71,82,42,76
Nacho Fernández,77,Real Madrid,Right,CB,4,2,75,32,63,61,78,75
L. Digne,77,Roma,Left,LB,3,3,75,53,72,72,76,72
H. Son,77,Tottenham Hotspur,Right,RW,5,3,86,81,70,81,25,60
Marco Matias,77,Sheffield Wednesday,Right,LW,3,3,88,77,67,77,33,61
P. Hernández,77,RC Celta,Left,CAM,3,4,75,70,75,78,60,68
D. Praet,77,RSC Anderlecht,Right,LW,4,3,75,69,78,76,53,66
J. Clasie,77,Southampton,Right,CM,4,2,66,51,80,76,66,74
Ibai Gómez,77,Athletic Club,Right,LW,4,3,76,78,73,81,51,69
J. Iturbe,77,AFC Bournemouth,Left,RW,3,4,92,70,67,84,25,54
V. Aboubakar,77,FC Porto,Right,ST,3,4,85,76,71,77,27,80
Pablo Sarabia,77,Getafe CF,Left,RW,4,4,77,69,76,82,30,53
N. Mendy,77,OGC Nice,Right,CDM,3,3,75,55,72,74,76,79
J. Drmić,77,Hamburger SV,Right,ST,4,3,79,78,67,79,37,68
P. Wollscheid,77,Stoke City,Right,CB,4,2,51,39,53,41,79,76
B. Stambouli,77,Paris Saint-Germain,Right,CDM,3,2,65,60,67,71,76,77
P. Lasogga,77,Hamburger SV,Right,ST,3,2,62,79,55,67,38,82
Jonathan Viera,77,UD Las Palmas,Right,CAM,4,3,77,70,76,82,19,60
M. Höger,77,FC Schalke 04,Right,CDM,4,3,63,72,76,74,76,80
P. Djilobodji,77,SV Werder Bremen,Left,CB,3,2,71,48,54,52,77,81
A. Regattin,77,Toulouse FC,Right,RW,3,3,80,76,75,81,60,72
C. Austin,77,Southampton,Right,ST,2,2,73,79,56,68,40,77
A. Potuk,77,Fenerbahçe SK,Right,LW,2,3,85,68,71,81,54,66
N. Gudelj,77,Ajax,Right,CDM,2,2,66,73,78,69,71,86
D. Pröpper,77,PSV,Right,CM,3,3,69,72,73,75,62,76
C. Tosun,77,Beşiktaş JK,Right,ST,4,3,75,77,66,73,30,76
G. Kashia,77,Vitesse,Right,CB,2,2,61,28,62,61,77,80
E. Giaccherini,77,Bologna,Right,LW,3,3,74,70,76,82,60,62
A. Nyom,77,Watford,Right,RB,2,2,77,47,63,64,78,84
Fontàs,77,RC Celta,Left,CB,3,2,44,48,69,61,79,78
D. Ginczek,77,VfB Stuttgart,Right,ST,2,2,73,77,50,73,38,81
E. Cardona,77,Monterrey,Right,ST,4,4,71,79,74,79,51,76
José Cañas,77,RCD Espanyol,Right,CDM,3,2,63,45,68,60,75,77
L. Orbán,77,Levante UD,Left,CB,3,2,78,53,65,65,79,79
J. Kucka,77,AC Milan,Right,CM,3,2,69,73,74,75,73,87
C. Borges,77,RC Deportivo de La Coruña,Right,CM,4,3,65,73,73,72,69,77
Xandão,77,FC Kuban Krasnodar,Right,CB,2,2,53,42,53,57,79,79
Etxeita,77,Athletic Club,Right,CB,3,2,59,36,49,56,78,81
M. Hitz,77,FC Augsburg,Right,GK,3,1,81,71,69,82,44,77
Fernandão,77,Fenerbahçe SK,Right,ST,3,3,66,76,51,69,29,83
T. Cleverley,77,Everton,Right,CM,3,3,73,69,77,78,55,64
Guaita,77,Getafe CF,Right,GK,3,1,79,75,73,83,52,74
Rafael,77,Olympique Lyonnais,Right,RB,4,3,80,57,71,78,75,78
J. Baumgartlinger,77,1. FSV Mainz 05,Right,CDM,3,2,71,48,68,68,77,83
M. Ekici,77,Trabzonspor,Right,CAM,5,3,75,75,79,78,50,72
J. Shelvey,77,Newcastle United,Right,CM,3,2,66,75,80,74,62,78
Y. Bolasie,77,Crystal Palace,Right,LW,4,5,88,68,68,83,30,79
V. Şen,77,Fenerbahçe SK,Right,RW,3,3,84,68,73,84,37,61
V. Wanyama,77,Southampton,Right,CB,3,2,66,66,67,72,78,89
A. N'Diaye,77,Real Betis Balompié,Right,CDM,3,2,73,54,65,68,76,85
A. Mehmedi,77,Bayer 04 Leverkusen,Right,ST,3,3,77,75,71,82,39,72
T. Heurtaux,77,Udinese,Right,CB,3,2,67,43,48,57,80,74
S. Lulić,77,Lazio,Left,LW,4,3,81,72,76,79,71,80
R. Boudebouz,77,Montpellier HSC,Left,LW,4,4,76,76,79,81,33,62
C. Diabaté,77,FC Girondins de Bordeaux,Right,ST,2,3,59,79,60,66,25,84
D. Janmaat,77,Newcastle United,Right,RB,3,3,75,63,69,74,76,81
L. Holtby,77,Hamburger SV,Left,CM,4,3,71,68,79,79,64,74
P. Mamaev,77,FC Krasnodar,Right,CM,4,2,80,71,77,75,67,66
O. El Kaddouri,77,Napoli,Right,CAM,4,3,74,71,77,79,55,72
C. Zambrano,77,Eintracht Frankfurt,Right,CB,3,2,67,49,58,64,76,80
M. Diouf,77,Stoke City,Right,ST,3,3,87,76,56,68,42,77
A. Paloschi,77,Swansea City,Right,ST,4,3,77,72,56,73,22,80
C. Träsch,77,VfL Wolfsburg,Right,RB,4,2,73,61,74,71,76,78
J. Montero,77,Swansea City,Right,LW,4,4,89,71,71,81,30,66
K. Honda,77,AC Milan,Left,CAM,3,3,76,74,80,79,45,67
S. Ulreich,77,FC Bayern München,Right,GK,3,1,81,74,52,82,42,75
F. Di Santo,77,FC Schalke 04,Right,ST,3,3,75,77,66,76,33,76
O. Ighalo,77,Watford,Right,ST,3,3,81,73,56,78,40,75
B. Moukandjo,77,FC Lorient,Right,ST,3,3,91,76,68,78,29,64
Maurício,77,Zenit,Right,CM,3,3,74,73,81,76,76,73
Mariano,77,Sevilla FC,Right,RB,3,3,84,62,74,74,72,74
J. Biabiany,77,Inter,Right,RW,3,3,95,65,68,80,28,66
E. Choupo-Moting,77,FC Schalke 04,Right,ST,4,4,78,77,70,83,36,73
S. Langkamp,77,Hertha BSC,Right,CB,3,2,63,27,47,44,80,76
F. Delph,77,Manchester City,Left,CM,3,3,78,69,74,82,68,74
H. Saivet,77,Newcastle United,Right,CAM,4,3,77,72,80,81,63,70
C. Beauvue,77,RC Celta,Right,ST,3,3,85,76,70,75,44,61
A. Carroll,77,West Ham United,Left,ST,3,2,71,78,62,68,49,86
J. Holebas,77,Watford,Left,LB,2,3,82,70,68,74,76,81
A. Ranocchia,77,Sampdoria,Right,CB,3,2,53,33,58,63,80,75
Sidnei,77,RC Deportivo de La Coruña,Right,CB,2,2,57,50,58,59,79,79
A. Rukavina,77,Villarreal CF,Right,RB,3,3,78,48,69,68,76,75
D. Damjanović,77,FC Seoul,Right,ST,4,3,77,77,67,72,30,76
Ki Sung Yueng,77,Swansea City,Right,CAM,4,3,66,74,81,76,63,71
F. Fazio,77,Sevilla FC,Right,CB,2,2,32,42,55,53,79,81
C. Kaboré,77,FC Krasnodar,Right,CDM,3,2,73,61,71,71,76,79
Ó. Cardozo,77,Trabzonspor,Left,ST,3,2,49,82,67,68,26,74
A. Cerci,77,Genoa,Left,RW,3,4,85,72,74,82,33,71
P. Diop,77,RCD Espanyol,Right,CDM,3,3,64,66,71,69,75,83
E. Capoue,77,Watford,Right,CDM,3,2,60,63,70,71,76,81
M. Biševac,77,Lazio,Right,CB,3,2,62,52,65,55,79,75
Adán,77,Real Betis Balompié,Left,GK,2,1,76,81,77,80,55,78
Granero,77,Real Sociedad,Right,CM,4,3,62,70,82,76,63,68
P. Cissé,77,Newcastle United,Right,ST,4,3,74,78,68,74,25,67
A. Matri,77,Lazio,Right,ST,3,2,75,76,58,72,30,69
N. Guzmán,77,Tigres UANL,Right,GK,3,1,77,76,71,77,52,77
G. Castro,77,Málaga CF,Left,LW,3,3,78,72,70,82,37,58
K. Boateng,77,AC Milan,Right,CAM,4,4,76,75,76,79,67,78
Adrián,77,Villarreal CF,Right,ST,3,3,80,73,68,81,27,66
L. Antonelli,77,AC Milan,Left,LB,3,2,79,60,70,75,76,76
Ó. Trejo,77,Toulouse FC,Right,CAM,4,4,77,73,77,81,63,71
M. Andreolli,77,Sevilla FC,Right,CB,3,2,64,28,41,49,81,76
D. Wass,77,RC Celta,Right,CM,3,3,78,75,77,78,70,71
De la Bella,77,Real Sociedad,Left,LB,2,2,77,53,71,75,75,73
M. Richards,77,Aston Villa,Right,CB,3,2,75,47,60,66,76,82
J. Cork,77,Swansea City,Right,CDM,4,2,62,53,69,73,75,74
L. Cattermole,77,Sunderland,Right,CDM,3,2,68,58,69,68,76,80
R. Riou,77,FC Nantes,Right,GK,1,1,76,77,81,79,57,77
I. Abate,77,AC Milan,Right,RB,2,3,87,51,68,75,74,79
R. Shirokov,77,,Right,CM,3,2,58,76,80,73,70,71
R. Elm,77,Kalmar FF,Right,CM,4,3,51,71,83,74,65,61
R. Shishkin,77,FC Lokomotiv,Right,RB,3,3,77,61,73,72,76,67
A. Kasaev,77,FC Lokomotiv,Right,LW,4,4,83,71,74,79,32,61
G. Cabral,77,RC Celta,Right,CB,3,2,52,31,53,55,78,79
G. Paletta,77,Atalanta,Right,CB,3,2,54,33,42,45,81,78
N. Pareja,77,Sevilla FC,Right,CB,3,2,58,60,67,61,78,73
I. Khune,77,Kaizer Chiefs,Right,GK,5,1,79,72,90,80,55,76
E. Polanski,77,TSG 1899 Hoffenheim,Right,CB,4,2,59,71,71,68,78,80
C. Théréau,77,Udinese,Right,ST,4,3,74,77,68,77,27,74
L. Refaelov,77,Club Brugge KV,Right,RW,4,4,72,76,74,81,25,51
J. Mikel,77,Chelsea,Right,CB,3,2,59,54,68,67,78,88
Adriano,77,FC Barcelona,Left,LB,5,3,76,71,77,81,75,70
G. Jourdren,77,Montpellier HSC,Right,GK,3,1,80,75,69,80,49,76
S. Sessègnon,77,West Bromwich Albion,Right,CAM,3,4,78,72,75,82,50,74
O. Kucher,77,Shakhtar Donetsk,Right,CB,3,2,64,51,56,52,82,75
V. Ibišević,77,Hertha BSC,Right,ST,4,3,63,77,64,72,30,74
Agirretxe,77,Real Sociedad,Right,ST,3,3,59,74,60,73,47,74
B. Gomis,77,Swansea City,Right,ST,3,2,68,80,64,70,41,74
P. Schwegler,77,TSG 1899 Hoffenheim,Right,CM,4,2,65,69,78,76,75,70
G. Inler,77,Leicester City,Right,CDM,4,2,54,71,75,73,75,74
A. Hunt,77,Hamburger SV,Left,CAM,3,3,72,75,76,78,40,66
L. Ciman,77,CF Montréal,Right,CB,4,2,73,56,70,69,77,76
H. Herrera,77,FC Porto,Right,CM,4,3,77,71,73,74,72,81
Y. Zhirkov,77,Zenit,Left,LB,2,3,77,70,76,78,71,73
P. Skjelbred,77,Hertha BSC,Right,CDM,3,3,67,48,75,78,72,75
R. Sambueza,77,Club América,Left,LW,2,4,74,69,80,79,49,78
M. Noble,77,West Ham United,Right,CM,3,3,55,67,77,73,71,77
A. Lennon,77,Everton,Right,RW,3,3,89,64,71,84,33,62
P. Verhaegh,77,FC Augsburg,Right,RB,3,2,75,51,70,72,78,72
Xabi Prieto,77,Real Sociedad,Right,CAM,3,3,62,72,84,77,33,61
Andrés Fernández,77,Granada CF,Right,GK,3,1,83,74,69,82,56,71
I. Uche,77,Málaga CF,Right,ST,3,4,85,78,59,79,31,71
Tito,77,Rayo Vallecano,Right,RB,3,2,77,46,67,69,77,66
L. Romagnoli,77,San Lorenzo de Almagro,Right,CAM,3,3,73,70,76,81,35,59
L. González,77,River Plate,Right,CM,4,3,65,73,80,73,64,66
M. Barovero,77,River Plate,Right,GK,3,1,78,74,69,79,35,79
R. Klavan,77,FC Augsburg,Left,CB,3,2,66,48,63,62,79,77
B. Cesar,77,AC ChievoVerona,Left,CB,3,2,46,27,40,48,79,79
W. Caballero,77,Manchester City,Right,GK,3,1,80,72,69,80,52,78
A. Domínguez,77,Olympiacos FC,Right,CAM,4,3,72,77,75,80,33,63
M. López,77,Torino,Right,ST,4,2,67,77,63,73,24,75
Vágner Love,77,AS Monaco,Left,ST,4,4,76,77,63,77,33,76
G. Johnson,77,Stoke City,Right,RB,4,3,77,65,72,76,75,75
Maicon,77,Roma,Right,RB,3,2,75,72,77,76,75,75
A. Lindegaard,77,Preston North EndMay 31,Right,GK,3,1,82,76,75,78,51,75
R. Hilbert,77,Bayer 04 Leverkusen,Right,RB,3,3,77,55,73,74,76,74
A. Koné,77,Everton,Right,ST,4,3,80,76,62,76,35,74
A. Di Natale,77,Udinese,Right,CAM,4,3,79,82,80,84,25,53
S. Ignashevich,77,PFC CSKA,Right,CB,3,2,39,60,61,51,82,76
A. Kerzhakov,77,FC Zürich,Right,ST,3,3,77,74,74,74,35,74
J. Valdés,77,Colo-Colo,Right,CAM,4,3,72,71,80,77,44,62
A. Aquilani,77,Sporting CP,Right,CM,4,2,57,73,84,78,61,64
N. de Jong,77,LA Galaxy,Right,CDM,3,2,68,51,68,70,75,82
M. Bodmer,77,OGC Nice,Right,CB,4,2,51,74,76,71,77,80
S. Pienaar,77,Everton,Right,CAM,4,4,69,70,79,82,52,64
A. Boka,77,Málaga CF,Left,LB,3,3,84,57,73,79,75,71
S. Sorrentino,77,Palermo FC,Right,GK,3,1,79,75,63,79,37,81
F. Coloccini,77,Newcastle United,Right,CB,4,2,63,53,60,61,76,74
E. Moretti,77,Torino,Left,CB,3,2,55,32,51,53,81,75
C. Samba,77,FC Dynamo Moscow,Right,CB,2,2,30,48,44,47,80,81
J. Olsson,77,West Bromwich Albion,Left,CB,3,2,52,56,63,52,79,76
R. van der Vaart,77,Real Betis Balompié,Left,CAM,4,3,40,75,81,77,52,57
P. Mexès,77,AC Milan,Right,CB,3,2,69,55,54,63,78,75
S. Distin,77,AFC Bournemouth,Left,CB,2,2,63,36,56,54,79,78
C. Pizarro,77,SV Werder Bremen,Right,ST,4,3,45,79,71,76,31,68
D. Kuyt,77,Feyenoord,Right,ST,2,3,68,78,74,73,68,78
F. Lampard,77,New York City FC,Right,CM,4,3,43,80,80,73,58,68
A. Gamberini,77,AC ChievoVerona,Right,CB,3,2,65,40,45,52,81,74
M. De Sanctis,77,Roma,Right,GK,2,1,78,77,57,78,38,83
Eliseu,77,SL Benfica,Left,LB,3,3,82,72,67,73,75,82
O. Dembelé,76,Stade Rennais FC,Left,LW,5,4,84,72,70,82,41,52
Renato Sanches,76,SL Benfica,Right,CM,4,3,85,72,70,78,69,86
Jadson Vidigal,76,Santos,Right,ST,3,4,79,80,57,63,23,69
Dênildo Stein,76,Ponte Preta,Left,ST,3,4,76,73,61,77,33,65
Luimo Boas Santos,76,Internacional,Right,ST,4,3,73,79,59,74,28,62
Edercinho Sepa,76,Atlético Mineiro,Right,CDM,3,3,75,73,67,70,77,70
Davi Parrela,76,Ponte Preta,Right,CB,3,2,64,40,54,51,77,78
Vieirundinho,76,Coritiba,Right,CB,2,2,61,39,52,54,78,83
Everticinho,76,Fluminense,Right,RB,3,3,80,72,71,76,72,74
Welington Dano,76,Vasco da Gama,Left,LB,4,3,79,53,70,74,75,73
Evandro Rochedo,76,Atlético Mineiro,Right,ST,4,3,57,81,62,68,45,67
Mauro Riboas,76,Atlético Mineiro,Right,CAM,3,3,66,71,77,79,46,59
Nicolás Formido,76,Ponte Preta,Left,CAM,4,4,71,61,82,74,37,66
Sebas Couteira,76,Coritiba,Right,RW,4,4,79,69,77,79,44,54
Breno Bemposta,76,Vasco da Gama,Right,CDM,3,3,64,68,76,70,79,70
Kel Perinho,76,Internacional,Right,CB,3,2,54,45,66,59,78,74
Alexo Baia,76,Grêmio,Right,RB,3,4,74,48,69,75,77,69
Enaldo Praz,76,Palmeiras,Left,LB,3,3,72,51,69,66,79,70
Ronaldo Esler,76,Internacional,Left,LB,3,4,87,58,68,78,72,54
N. Radoja,76,RC Celta,Right,CDM,3,2,59,44,66,59,75,72
O. Al Soma,76,Al Ahli SFC,Right,ST,4,4,76,80,71,64,25,81
Petros,76,Real Betis Balompié,Right,CDM,3,2,75,60,69,76,75,74
L. Sané,76,FC Schalke 04,Left,LW,3,3,91,73,68,80,34,62
B. Embolo,76,FC Basel 1893,Right,ST,4,4,86,71,67,79,33,79
Léo Bonatini,76,GD Estoril Praia,Right,ST,4,3,82,79,61,73,28,68
E. Valencia,76,West Ham United,Right,ST,3,2,85,76,66,74,46,71
C. Tolisso,76,Olympique Lyonnais,Right,CDM,3,3,73,73,74,72,76,79
C. N'Doye,76,Angers SCO,Right,CB,2,2,58,71,71,70,75,91
J. Seri,76,OGC Nice,Right,CM,4,2,76,61,76,75,70,70
A. El Ghazi,76,Ajax,Right,ST,4,4,81,76,68,78,29,72
Y. Tielemans,76,RSC Anderlecht,Right,CM,5,3,62,73,77,77,67,64
K. Tete,76,Ajax,Right,CB,3,2,80,42,60,69,79,76
Williams,76,Athletic Club,Right,RW,3,4,93,73,70,75,34,81
D. Zappacosta,76,Torino,Right,RB,2,2,82,67,69,73,73,72
A. Mitrović,76,Newcastle United,Right,ST,4,2,64,78,54,67,24,75
Deyverson,76,Levante UD,Left,ST,3,3,79,74,56,72,37,76
Rúben Vezo,76,Valencia CF,Right,CB,2,2,68,50,59,56,78,75
J. Buffarini,76,San Lorenzo de Almagro,Right,RB,3,2,91,63,66,75,73,85
P. Pérez,76,Boca Juniors,Right,CM,3,3,71,69,76,77,64,76
M. Kranevitter,76,Atlético Madrid,Right,CDM,3,2,69,47,66,69,76,76
F. Armani,76,Atlético Nacional,Right,GK,2,1,76,73,67,77,32,79
D. Torres,76,C,Right,CDM,3,2,63,62,71,68,74,77
V. Hernández,76,Junior FC,Right,CAM,3,4,88,70,71,78,22,46
J. Tah,76,Bayer 04 Leverkusen,Right,CB,4,2,68,27,56,56,76,77
D. Origi,76,Liverpool,Right,ST,3,4,85,74,68,76,31,71
L. Depoitre,76,KAA Gent,Right,ST,3,2,69,73,62,64,37,86
Gabriel,76,,Left,ST,3,3,83,75,67,77,26,59
M. Lemina,76,JuventusJun 30,Right,CDM,2,2,76,56,71,73,70,78
R. De Paul,76,Racing Club,Right,RW,3,3,77,71,78,81,39,64
Alex Telles,76,Inter,Left,LB,2,3,84,61,72,77,74,67
Ivan Cavaleiro,76,AS Monaco,Right,LW,4,4,86,69,68,80,38,65
J. Brandt,76,Bayer 04 Leverkusen,Right,RW,4,4,79,70,71,80,26,58
Bruma,76,Real Sociedad,Right,RW,4,4,93,62,71,84,28,61
A. Maxim,76,VfB Stuttgart,Right,CAM,4,5,75,69,78,80,27,53
Víctor Rodríguez,76,Getafe CF,Right,RW,4,3,79,70,72,80,39,64
L. Zuffi,76,FC Basel 1893,Left,CM,4,2,71,69,81,73,62,71
Jonny,76,RC Celta,Right,LB,3,2,81,42,63,69,76,75
A. Romagnoli,76,AC Milan,Left,CB,3,2,67,34,48,61,78,76
J. Hofmann,76,Borussia Mönchengladbach,Right,RW,3,3,80,67,73,79,34,56
A. Hassan,76,Sporting Clube de Braga,Right,ST,5,2,64,78,51,69,30,79
D. Siovas,76,Olympiacos FC,Left,CB,3,2,47,38,51,61,79,82
J. Vázquez,76,León,Right,CDM,3,2,83,56,70,70,75,69
Tiago Volpi,76,Querétaro,Right,GK,2,1,82,69,62,83,58,76
Z. Bakkali,76,Valencia CF,Right,RW,4,4,88,69,68,84,17,45
M. de Roon,76,Atalanta,Right,CDM,3,2,66,60,71,66,74,76
G. González,76,Palermo FC,Right,CB,3,2,74,45,52,59,78,71
M. Ginter,76,Borussia Dortmund,Right,CB,3,2,63,59,71,66,80,76
J. Lingard,76,Manchester United,Right,RW,3,3,83,68,70,79,44,63
Moi Gómez,76,Getafe CF,Right,CAM,4,3,73,69,77,77,44,62
João Pereira,76,Sporting CP,Right,RB,3,3,75,59,71,76,75,67
J. Ferri,76,Olympique Lyonnais,Right,CM,3,2,68,68,75,76,67,72
A. Younes,76,Ajax,Right,LW,4,3,78,67,70,84,25,59
V. Chiricheş,76,Napoli,Right,CB,3,3,72,64,56,61,79,74
B. Davies,76,Tottenham Hotspur,Left,LB,3,2,78,50,69,73,77,71
Jairo,76,1. FSV Mainz 05,Right,LW,4,3,87,62,72,79,32,58
S. Haller,76,FC Utrecht,Right,ST,3,3,77,75,55,73,25,74
E. Višća,76,Medipol Başakşehir FK,Right,RW,4,3,88,76,70,80,37,52
C. Atsu,76,Málaga CF,Left,LW,3,3,92,67,70,80,32,52
Rúben Ferreira,76,Marítimo,Left,LB,3,2,75,59,74,72,73,72
A. Rüdiger,76,RomaJun 30,Right,CB,3,2,77,40,62,61,76,78
F. Fajr,76,RC Deportivo de La CoruñaJun 30,Right,CAM,4,4,70,71,79,77,48,67
F. Thauvin,76,Olympique de Marseille,Left,CAM,3,4,81,71,74,81,33,61
R. Jiménez,76,SL Benfica,Right,ST,4,3,78,73,69,74,34,76
J. Campbell,76,Arsenal,Left,LW,2,4,88,73,72,79,42,74
Mário Rui,76,Empoli,Left,LB,3,2,86,49,66,73,73,58
Luís Neto,76,Zenit,Right,CB,3,2,68,37,57,53,80,72
S. Berahino,76,West Bromwich Albion,Right,ST,4,3,83,78,57,76,27,60
S. Arias,76,PSV,Right,RB,3,2,84,44,66,73,74,72
K. Fortounis,76,Olympiacos FC,Right,CAM,4,3,75,74,76,79,37,66
Eric Botteghin,76,Feyenoord,Right,CB,3,2,34,38,46,59,79,84
D. Suárez,76,Getafe CF,Right,RB,3,2,82,67,68,70,71,81
Zé Luís,76,Spartak Moscow,Left,ST,5,2,75,74,56,74,27,78
L. Bittencourt,76,1. FC Köln,Right,LW,4,4,84,66,73,81,53,63
R. Knoche,76,VfL Wolfsburg,Right,CB,4,2,57,41,52,50,80,72
Álvaro,76,RCD Espanyol,Right,CB,3,2,74,30,55,57,77,77
Sergi Darder,76,Olympique Lyonnais,Right,CM,4,2,58,60,74,76,67,67
E. Dier,76,Tottenham Hotspur,Right,CB,3,2,64,60,70,61,79,82
Naldo,76,Sporting CP,Right,CB,3,2,56,38,49,51,79,74
Recio,76,Málaga CF,Right,CM,3,2,61,64,74,73,69,71
E. Bičakčić,76,TSG 1899 Hoffenheim,Right,CB,3,2,67,37,50,47,78,78
A. Musa,76,PFC CSKA,Right,RW,3,4,93,76,65,82,28,56
J. Veretout,76,Aston Villa,Right,CM,3,3,66,73,77,75,67,71
David López,76,Napoli,Right,CDM,3,2,64,63,69,66,75,81
G. Kondogbia,76,Inter,Left,CM,2,3,69,60,71,75,74,81
R. Morrison,76,Lazio,Right,CAM,4,4,78,66,74,79,43,64
Ismaily,76,Shakhtar Donetsk,Left,LB,2,2,82,64,67,72,74,76
M. Dević,76,Rubin Kazan,Right,ST,4,3,78,77,69,75,37,69
Rômulo,76,Spartak Moscow,Right,CDM,3,2,71,63,72,68,77,76
M. Sels,76,KAA Gent,Right,GK,3,1,82,71,72,79,36,75
N. Pallois,76,FC Girondins de Bordeaux,Left,CB,3,2,64,50,61,58,77,82
T. Klose,76,Norwich City,Right,CB,3,2,50,42,58,48,79,75
B. Dja Djédjé,76,Olympique de Marseille,Right,RB,2,2,83,59,69,73,73,78
F. Pogba,76,AS Saint-Étienne,Left,CB,3,2,69,45,61,54,77,85
B. Natcho,76,PFC CSKA,Right,CM,4,3,68,72,79,77,71,71
A. Ujah,76,SV Werder Bremen,Right,ST,4,3,77,76,57,73,35,77
S. Bell,76,1. FSV Mainz 05,Right,CB,3,2,65,40,54,51,80,72
S. Araujo,76,UD Las Palmas,Right,ST,4,4,77,77,66,78,27,59
J. Ayew,76,Aston Villa,Right,ST,3,3,77,76,71,77,31,73
Suk Hyun Jun,76,FC Porto,Right,ST,4,3,79,77,57,73,35,80
D. Ings,76,Liverpool,Right,ST,3,3,86,74,63,78,35,70
Javi López,76,RCD Espanyol,Right,RB,3,3,75,53,70,73,74,73
S. Okazaki,76,Leicester City,Right,ST,4,3,76,75,65,77,43,73
André Almeida,76,SL Benfica,Right,RB,3,2,69,52,71,70,78,73
J. Colback,76,Newcastle United,Left,CDM,3,2,66,59,69,72,72,74
André Pinto,76,Sporting Clube de Braga,Right,CB,2,2,52,47,56,49,79,80
N. Pejčinović,76,FC Lokomotiv,Left,CB,3,2,54,40,61,54,76,78
S. Caulker,76,LiverpoolMay 31,Right,CB,2,2,73,32,56,61,77,78
H. Seferović,76,Eintracht Frankfurt,Left,ST,2,3,71,78,66,72,39,78
R. Soriano,76,Sampdoria,Right,CAM,3,3,76,67,74,78,61,70
M. Destro,76,Bologna,Right,ST,3,3,75,77,60,72,24,68
S. Jung,76,VfL Wolfsburg,Right,RB,4,2,78,51,73,74,74,73
Miguel Rosa,76,B-SAD,Right,LW,3,3,73,74,77,79,42,66
C. Pantilimon,76,Watford,Right,GK,2,1,76,77,68,78,45,79
M. Plattenhardt,76,Hertha BSC,Left,LB,3,3,77,54,74,73,74,70
M. Lestienne,76,PSV,Left,LW,4,3,84,71,73,80,32,64
Bruno César,76,Sporting CP,Left,CAM,3,3,68,79,81,77,54,68
Bóveda,76,Athletic Club,Right,RB,3,2,77,51,66,71,76,72
A. Bertolacci,76,AC Milan,Left,CAM,3,2,76,70,76,79,62,73
A. Uchida,76,FC Schalke 04,Right,RB,2,2,78,47,72,76,74,62
S. Corchia,76,Lille OSC,Right,RB,3,3,75,65,75,75,76,72
J. Mercier,76,San Lorenzo de Almagro,Right,CDM,3,2,65,61,72,70,77,76
P. Pekarík,76,Hertha BSC,Right,RB,3,2,75,40,66,74,74,70
G. Sertic,76,FC Girondins de Bordeaux,Right,CM,4,3,71,74,78,73,73,73
Rubén Pérez,76,Granada CF,Right,CDM,3,2,64,57,70,65,72,78
Víctor Vázquez,76,Cruz Azul,Right,CAM,2,3,50,69,79,75,34,51
Victor Sánchez,76,RCD Espanyol,Right,CDM,3,3,66,63,78,71,67,70
Bamba Anderson,76,Eintracht Frankfurt,Right,CB,3,2,71,42,60,67,78,72
Souza,76,Fenerbahçe SK,Right,CDM,4,2,70,66,70,74,76,81
S. Rudy,76,TSG 1899 Hoffenheim,Right,CM,3,3,71,67,76,78,68,66
Saúl Berjón,76,SD Eibar,Right,LW,4,3,80,74,75,77,35,72
M. Díaz,76,FC Dallas,Right,CAM,3,4,74,68,75,80,42,59
S. Aziz,76,Bursaspor,Right,CB,3,2,75,32,54,59,77,78
G. Bou,76,Racing Club,Right,ST,4,3,74,77,66,73,30,73
M. Valdifiori,76,Napoli,Right,CM,3,2,68,58,81,69,69,73
Miguel Lopes,76,Granada CFJun 30,Right,RB,4,3,72,42,70,75,74,76
A. Costa,76,Fiorentina,Left,CM,2,3,65,72,77,75,70,71
F. Tabanou,76,AS Saint-Étienne,Left,LB,3,3,76,71,77,75,74,73
Douglão,76,Akhisar Belediyespor,Right,CB,3,2,44,36,56,42,78,82
V. Babacan,76,Medipol Başakşehir FK,Right,GK,1,1,79,74,68,79,57,80
O. Manyisa,76,Orlando Pirates,Right,CM,4,2,75,76,69,76,73,57
K. Großkreutz,76,VfB Stuttgart,Right,RB,3,2,73,69,75,69,72,76
Maicon,76,FC Lokomotiv,Right,LW,3,3,93,70,69,74,32,72
C. Grenier,76,Olympique Lyonnais,Right,CAM,5,4,59,74,82,79,56,67
Wanderson,76,FC Krasnodar,Right,ST,3,3,75,79,73,76,21,63
P. Mpoku,76,AC ChievoVerona,Right,LW,4,3,78,78,73,80,43,74
D. Tarasov,76,FC Lokomotiv,Right,CB,3,2,67,56,68,69,77,82
F. Smolov,76,FC Krasnodar,Right,ST,4,3,85,76,67,78,32,73
C. Kouyaté,76,West Ham United,Right,CB,3,2,77,64,61,69,77,87
G. Cameron,76,Stoke City,Right,CB,3,2,73,58,68,68,78,76
F. Đorđević,76,Lazio,Left,ST,2,2,73,74,59,71,42,76
B. Espinosa,76,Real Sporting de Gijón,Right,CB,3,2,71,44,62,52,77,79
S. de Jong,76,Newcastle United,Right,ST,4,2,66,79,73,74,58,76
Manucho,76,Rayo Vallecano,Left,ST,2,4,65,72,62,71,31,79
J. Ward,76,Crystal Palace,Right,CB,3,2,76,54,70,66,79,76
K. Trippier,76,Tottenham Hotspur,Right,RB,4,3,78,56,73,72,75,73
D. Drinkwater,76,Leicester City,Right,CM,4,3,71,65,74,72,68,70
Lora,76,Real Sporting de Gijón,Right,RB,4,2,84,63,70,74,72,73
J. Allen,76,Liverpool,Right,CM,3,3,65,59,74,78,66,64
R. Alessandrini,76,Olympique de Marseille,Left,LW,4,4,91,78,69,79,29,56
M. Carcela-Gonzalez,76,SL Benfica,Left,LW,3,4,83,72,72,83,33,51
M. Moralez,76,León,Right,CAM,4,3,87,68,74,82,28,51
S. Tshabalala,76,Kaizer Chiefs,Left,LW,3,4,77,74,73,78,36,64
A. Mounier,76,Bologna,Left,RW,2,3,83,70,72,80,35,67
A. Bjelland,76,Brentford,Left,CB,4,2,54,45,61,60,78,78
G. Sio,76,Stade Rennais FC,Left,LW,3,3,86,77,72,77,22,75
F. Lemoine,76,AS Saint-Étienne,Right,CDM,3,2,63,66,76,73,75,76
V. Stocker,76,Hertha BSC,Left,CAM,4,3,74,70,75,79,43,67
C. Clark,76,Aston Villa,Left,CB,2,2,65,53,56,58,78,75
T. Deeney,76,Watford,Right,ST,3,3,72,79,60,68,31,84
R. Rosales,76,Málaga CF,Right,RB,3,3,78,59,71,79,70,72
C. Sánchez,76,Aston Villa,Left,CDM,3,2,67,58,69,70,72,84
W. Gargano,76,Monterrey,Right,CDM,3,2,73,57,68,69,74,77
S. De Maio,76,Genoa,Right,CB,3,2,67,31,37,38,77,83
Koo Ja Cheol,76,FC Augsburg,Right,CAM,4,4,74,75,72,81,55,65
O. Akhmedov,76,FC Krasnodar,Right,CM,3,2,72,70,73,73,72,73
M. Jedinák,76,Crystal Palace,Right,CB,3,2,53,68,68,61,78,83
V. Torosidis,76,Roma,Right,RB,3,2,76,55,66,70,77,77
W. Vainqueur,76,Roma,Right,CDM,3,2,73,61,70,70,72,81
T. Kraft,76,Hertha BSC,Right,GK,4,1,84,74,54,84,51,66
D. N'Doye,76,Sunderland,Right,ST,3,3,75,76,59,73,40,79
Pablo Hernández,76,Rayo Vallecano,Right,RW,3,4,77,73,73,83,45,54
Y. Mulumbu,76,Norwich City,Right,CDM,4,2,66,63,67,72,75,79
R. Vormer,76,Club Brugge KV,Right,CM,4,2,67,74,76,69,70,79
Sergio Sánchez,76,Panathinaikos FC,Right,CB,2,2,67,52,60,56,80,78
S. Okaka,76,RSC Anderlecht,Right,ST,3,2,76,74,57,73,26,85
Bueno,76,FC Porto,Right,ST,3,3,70,78,71,80,40,52
C. Zapata,76,AC Milan,Right,CB,2,2,72,32,48,51,79,79
S. Sam,76,FC Schalke 04,Left,LW,2,3,86,77,72,79,33,63
S. Prödl,76,Watford,Right,CB,2,2,52,36,48,40,78,79
J. De Guzmán,76,Carpi,Right,CAM,4,4,78,74,77,80,50,64
L. Baal,76,Stade Rennais FC,Left,LB,3,2,85,49,69,67,73,75
S. Aigner,76,Eintracht Frankfurt,Right,RW,4,3,83,70,72,76,42,65
P. Tytoń,76,VfB Stuttgart,Right,GK,2,1,80,71,75,82,50,69
K. Kamara,76,New England Revolution,Right,ST,3,3,78,74,60,71,28,79
N. Bungert,76,1. FSV Mainz 05,Right,CB,2,2,71,40,54,52,80,71
Baiano,76,Sporting Clube de Braga,Right,RB,2,2,78,61,63,74,77,72
M. Fernández,76,Fiorentina,Right,CAM,4,5,77,72,79,83,52,60
N. Dyer,76,Leicester CityMay 25,Right,RW,3,4,91,73,67,81,38,66
S. Romero,76,Manchester United,Right,GK,3,1,76,67,81,82,43,73
L. Cigarini,76,Atalanta,Right,CM,4,2,67,66,81,76,62,65
V. Moses,76,West Ham UnitedMay 25,Right,LW,4,4,82,71,69,81,38,69
Varela,76,FC Porto,Right,LW,5,4,75,78,71,78,39,66
J. Lössl,76,En Avant Guingamp,Right,GK,2,1,80,70,71,80,57,78
Mikel Gonzalez,76,Real Sociedad,Right,CB,4,2,57,40,57,47,79,77
F. Forster,76,Southampton,Right,GK,5,1,75,77,74,82,34,77
J. Maidana,76,River Plate,Right,CB,3,2,64,37,53,50,79,77
J. McArthur,76,Crystal Palace,Right,CDM,3,3,65,60,72,75,72,75
C. Erkin,76,Fenerbahçe SK,Left,LW,2,3,84,74,77,80,69,76
L. De Silvestri,76,Sampdoria,Right,RB,3,2,79,57,66,71,76,79
J. Rodriguez,76,Southampton,Right,ST,4,3,82,77,69,77,32,69
D. Gibson,76,Everton,Right,CM,4,2,59,68,78,71,74,74
M. Lacen,76,Getafe CF,Left,CM,3,2,65,61,78,78,72,71
D. Milićević,76,KAA Gent,Right,ST,4,3,75,77,79,75,31,53
H. Rodallega,76,Akhisar Belediyespor,Right,ST,3,3,81,77,68,74,38,70
S. Bocchetti,76,Spartak Moscow,Left,CB,2,2,74,51,55,61,78,75
F. Higuaín,76,Columbus Crew,Right,CAM,4,3,72,73,75,78,47,63
V. Denisov,76,FC Lokomotiv,Left,LB,3,2,84,51,66,67,76,76
J. Vargas,76,Real Betis Balompié,Left,LB,3,3,76,77,77,75,74,77
M. Ruben,76,Rosario Central,Right,ST,4,3,75,75,63,73,39,70
F. Gago,76,Boca Juniors,Right,CM,4,2,67,60,75,72,72,60
D. Digard,76,Real Betis Balompié,Right,CDM,3,2,60,63,68,70,75,79
S. Fletcher,76,Olympique de Marseille,Left,ST,3,2,69,75,60,71,31,73
B. Guzan,76,Aston Villa,Left,GK,2,1,78,74,58,80,48,77
D. Aogo,76,FC Schalke 04,Left,LB,3,2,75,55,76,75,76,76
N. Onuoha,76,Queens Park Rangers,Right,CB,2,2,77,36,59,63,76,79
Charles,76,Málaga CF,Right,ST,3,3,68,78,55,79,34,70
Sergio,76,RC Celta,Right,GK,3,1,74,76,75,81,49,78
C. Davies,76,Hull City,Right,CB,3,2,68,38,48,54,78,78
J. Clément,76,AS Saint-Étienne,Left,CDM,3,2,53,59,70,65,77,74
Y. Kaboul,76,Sunderland,Right,CB,3,2,63,44,58,55,76,79
G. Whelan,76,Stoke City,Right,CDM,4,3,44,66,72,69,75,77
S. Naismith,76,Norwich City,Right,CAM,3,3,77,73,67,77,50,79
G. Gillet,76,FC Nantes,Right,CM,3,3,70,73,74,72,75,78
M. Angeleri,76,San Lorenzo de Almagro,Right,CB,3,2,70,46,63,54,78,78
J. Djourou,76,Hamburger SV,Right,CB,3,2,70,36,58,60,77,75
O. Ivanov,76,Akhmat Grozny,Right,CAM,3,3,69,70,78,75,62,80
D. Padelli,76,Torino,Left,GK,2,1,79,73,63,79,44,77
V. Behrami,76,Watford,Right,CDM,4,2,67,64,72,71,74,80
M. Matip,76,FC Ingolstadt 04,Right,CB,2,2,71,46,57,55,77,75
L. Pisculichi,76,River Plate,Left,CAM,2,4,69,71,80,78,33,59
Gelson Fernandes,76,Stade Rennais FC,Right,CDM,3,2,69,60,70,69,77,80
Zé Castro,76,Rayo Vallecano,Right,CB,3,2,56,47,63,62,80,71
M. Flamini,76,Arsenal,Right,CDM,3,2,67,66,72,71,76,78
Markel Bergara,76,Real Sociedad,Right,CDM,3,2,60,66,72,72,75,78
A. McGeady,76,Sheffield WednesdayMay 31,Right,RW,3,5,78,68,72,82,42,65
Àngel Rangel,76,Swansea City,Right,CB,3,3,62,59,71,72,79,75
M. Zárate,76,Fiorentina,Right,ST,4,4,77,78,70,84,33,65
R. Civelli,76,Lille OSC,Right,CB,3,2,49,51,53,41,77,79
Rafael Sóbis,76,Tigres UANL,Right,CAM,4,4,70,76,75,78,39,74
S. Davis,76,Southampton,Right,CM,3,3,70,61,77,77,67,74
H. Bedimo,76,Olympique Lyonnais,Left,LB,3,3,76,60,73,73,76,79
J. Drobný,76,Hamburger SV,Right,GK,2,1,76,77,50,83,38,75
W. Hoolahan,76,Norwich City,Left,CAM,2,4,63,68,77,77,45,50
F. Magnanelli,76,Sassuolo,Right,CDM,3,2,68,57,72,64,74,74
Raúl Meireles,76,Fenerbahçe SK,Right,CM,4,3,72,74,76,76,71,75
A. Anyukov,76,Zenit,Right,RB,3,2,62,64,76,72,78,64
Z. Karcemarskas,76,Gaziantepspor,Right,GK,1,1,77,77,66,80,33,77
O. Kuzmin,76,Rubin Kazan,Right,RB,3,2,77,62,68,71,75,69
A. Berezutskiy,76,PFC CSKA,Left,CB,3,2,51,47,64,50,79,82
S. Ryzhikov,76,Rubin Kazan,Right,GK,2,1,77,74,61,79,57,76
V. Gabulov,76,FC Dynamo Moscow,Right,GK,2,1,75,74,78,79,56,76
Verdú,76,Levante UD,Right,CAM,3,3,62,71,79,76,46,56
Iván Cuéllar,76,Real Sporting de Gijón,Left,GK,2,1,78,79,77,78,50,76
Arbeloa,76,Real Madrid,Right,CB,3,2,68,55,67,59,80,74
G. Gönül,76,Fenerbahçe SK,Right,RB,3,3,81,63,71,79,73,72
F. Belluschi,76,San Lorenzo de Almagro,Right,CAM,4,4,69,74,78,79,55,63
M. Delgado,76,FC Basel 1893,Right,CAM,4,4,66,72,80,75,27,74
S. Saja,76,Racing Club,Left,GK,3,1,76,77,66,77,29,77
A. Orión,76,Boca Juniors,Right,GK,4,1,74,76,69,75,44,78
L. Britton,76,Swansea City,Right,CM,3,3,62,53,77,78,69,65
D. Díaz,76,Boca Juniors,Right,CB,3,2,38,48,54,48,78,73
L. Sânmărtean,76,Al Ittihad,Left,CAM,3,5,68,71,77,76,65,57
C. Fuchs,76,Leicester City,Left,LB,2,3,67,69,78,69,76,77
N. Burdisso,76,Genoa,Right,CB,3,2,61,29,45,47,79,72
G. Lux,76,RC Deportivo de La Coruña,Right,GK,2,1,78,71,79,80,31,75
Amaya,76,Rayo Vallecano,Right,CB,3,2,38,33,52,44,78,82
D. Gastaldello,76,Bologna,Right,CB,3,2,54,39,48,55,80,75
M. Ciani,76,RCD Espanyol,Right,CB,3,2,58,41,44,45,77,83
Gomes,76,Watford,Right,GK,2,1,83,67,62,82,51,74
L. Cana,76,FC Nantes,Right,CB,3,2,52,49,60,55,76,77
J. Briand,76,En Avant Guingamp,Right,ST,3,3,77,74,70,72,47,75
M. Dawson,76,Hull City,Right,CB,3,2,32,32,45,37,79,77
M. Pinilla,76,Atalanta,Right,ST,3,3,71,75,57,71,27,76
A. Emaná,76,Gimnàstic de Tarragona,Right,CAM,3,4,67,71,75,77,54,71
A. Boruc,76,AFC Bournemouth,Right,GK,3,1,82,72,62,83,44,74
R. Jarstein,76,Hertha BSC,Right,GK,4,1,74,76,71,78,43,80
S. Pepe,76,AC ChievoVerona,Right,RW,4,3,79,73,77,81,58,61
R. Green,76,Queens Park Rangers,Right,GK,3,1,83,70,63,83,43,71
J. Van Damme,76,LA Galaxy,Left,CB,3,2,67,63,66,64,74,89
T. Barnetta,76,Philadelphia Union,Right,CAM,4,3,74,69,77,78,56,63
H. Westermann,76,Real Betis Balompié,Left,CB,3,2,64,54,61,56,78,78
J. Speroni,76,Crystal Palace,Right,GK,3,1,80,72,71,82,43,74
D. Bonera,76,Villarreal CF,Right,CB,3,2,48,38,52,46,80,72
R. Márquez,76,Atlas FC,Right,CB,3,2,34,48,58,50,80,66
D. Pizarro,76,Santiago Wanderers,Right,CM,3,3,50,60,83,77,61,51
Carlos Martins,76,B-SAD,Right,CAM,4,3,52,76,81,76,53,60
S. Keita,76,Roma,Left,CB,3,2,67,63,70,67,75,71
César Navas,76,FC Rostov,Right,CB,5,2,45,39,56,47,81,78
R. Vercoutre,76,Stade Malherbe Caen,Right,GK,2,1,78,75,76,78,37,76
M. Stekelenburg,76,SouthamptonMay 25,Right,GK,4,1,79,73,81,76,41,74
Rafael Cachoira,75,Fluminense,Right,CB,3,2,55,40,59,59,78,76
Erick Gameira,75,Grêmio,Right,ST,3,4,83,75,58,76,33,59
Pascoal Muscato,75,Fluminense,Right,CDM,4,3,59,70,69,70,75,76
Duirval Diniz,75,Grêmio,Right,CB,3,2,54,47,55,49,76,74
Lafortiscinho,75,Atlético Mineiro,Left,LB,3,3,82,53,70,74,73,70
Andeson Trigo,75,Fluminense,Left,LW,3,4,85,63,76,78,68,72
Adrianiscito,75,Atlético Mineiro,Right,GK,3,1,68,82,74,73,18,83
Kaíquão Castro,75,Vasco da Gama,Right,GK,2,1,81,77,61,73,36,72
Dani Rochelinhas,75,Palmeiras,Left,CAM,3,4,77,63,72,80,36,61
Kauã Abranches,75,Internacional,Right,RW,4,4,85,64,67,80,57,61
Adeilson Gesser,75,Atlético Mineiro,Left,LW,2,4,88,64,69,81,47,51
Edvaldisco,75,Palmeiras,Left,CM,3,4,74,58,74,75,71,73
Jorginhson,75,Grêmio,Left,CDM,4,4,72,56,67,75,79,68
Emilio Piodão,75,Fluminense,Right,CDM,2,2,74,64,69,70,72,78
Claudiano Sobrino,75,Ponte Preta,Right,CDM,4,3,73,57,76,72,72,75
Robson Denho,75,Palmeiras,Right,CDM,3,4,65,60,73,64,72,78
Everton Andrão,75,Grêmio,Right,CDM,4,3,67,57,73,76,72,77
Kaíqundo Calado,75,São Paulo,Right,CB,2,2,56,47,59,54,77,74
Hugo Goiteira,75,Palmeiras,Right,CB,2,2,45,49,57,50,76,80
Maikel Catarino,75,Ponte Preta,Right,RB,3,4,78,48,65,54,74,66
Silas Almeim,75,Santos,Left,LB,3,3,79,56,70,69,73,66
Traeira Lopes,75,Vasco da Gama,Left,GK,1,1,75,74,54,81,37,77
Carlos Travisso,75,Cruzeiro,Right,GK,3,1,82,57,78,86,60,78
Victor Fachinhas,75,Santos,Right,GK,2,1,78,76,64,83,38,70
Simão Donatinho,75,Internacional,Left,GK,2,1,76,70,82,75,44,79
G. Pereiro,75,PSV,Left,ST,2,4,78,76,66,78,41,67
M. Marega,75,FC Porto,Right,ST,3,2,85,74,53,68,33,83
Gelson Martins,75,Sporting CP,Right,RW,4,4,92,69,66,83,34,49
Rúben Neves,75,FC Porto,Right,CM,3,3,66,66,77,73,71,71
S. Milinković-Savić,75,Lazio,Right,CM,4,3,69,68,70,74,69,78
Ş. Özbayrakli,75,Fenerbahçe SK,Right,RB,2,3,81,62,71,74,71,78
A. Sulu,75,SV Darmstadt 98,Right,CB,4,2,68,44,44,57,76,78
J. Weigl,75,Borussia Dortmund,Right,CDM,3,2,72,52,73,73,68,65
H. Lozano,75,Pachuca,Right,LW,4,3,91,71,68,78,34,63
J. Riedewald,75,Ajax,Left,CB,3,2,75,51,66,70,76,74
P. Ndiaye,75,Ankaraspor,Right,RW,3,2,86,74,74,77,57,75
Marco Asensio,75,RCD Espanyol,Left,CAM,3,3,66,62,78,78,39,57
Ó. Romero,75,Racing Club,Left,RW,3,4,77,70,74,79,30,61
M. Vecino,75,Fiorentina,Right,CM,3,2,68,66,74,73,68,74
A. Sanabria,75,Real Sporting de Gijón,Right,ST,4,3,78,74,66,78,25,67
H. Traoré,75,Stade de Reims,Right,RB,3,2,81,37,67,71,73,69
G. Nkoudou,75,Olympique de Marseille,Right,RW,3,3,92,72,70,78,35,62
J. Amavi,75,Aston Villa,Left,LB,3,3,79,67,69,74,74,69
Camarasa,75,Levante UD,Right,CM,3,3,64,65,74,74,67,76
E. Cerutti,75,San Lorenzo de Almagro,Right,RW,4,4,89,71,69,79,26,67
W. Hoedt,75,Lazio,Left,CB,3,2,65,36,52,57,77,76
Carlos Mané,75,Sporting CP,Right,RW,3,3,85,74,68,80,40,51
S. Torrico,75,San Lorenzo de Almagro,Right,GK,3,1,75,72,62,79,49,77
M. Oikonomou,75,Bologna,Right,CB,3,2,61,25,43,58,77,76
J. Añor,75,Málaga CF,Left,CAM,3,3,74,70,74,79,40,49
S. Widmer,75,Udinese,Right,RB,3,2,81,63,72,75,71,78
L. Lollo,75,Racing Club,Right,CB,2,2,47,31,41,46,77,76
R. Botta,75,Pachuca,Left,RW,3,4,78,63,75,80,30,54
E. Mas,75,San Lorenzo de Almagro,Left,LB,2,2,80,60,65,72,73,79
P. Goltz,75,Club América,Right,CB,3,2,65,56,63,60,74,78
S. Pérez,75,C,Right,CM,3,2,68,61,72,74,69,67
A. Kanibolotskyi,75,Shakhtar Donetsk,Right,GK,2,1,76,75,69,78,47,77
S. van Beek,75,Feyenoord,Right,CB,2,2,70,34,52,51,78,76
Hernâni,75,Olympiacos FC,Left,RW,3,4,90,65,69,80,22,60
J. Hendrix,75,PSV,Left,CDM,4,2,72,56,68,74,72,72
Santi Mina,75,Valencia CF,Right,RW,3,3,74,72,65,78,35,59
Anderson Talisca,75,SL Benfica,Left,ST,4,3,75,80,76,74,58,66
L. Dendoncker,75,RSC Anderlecht,Right,CDM,4,2,69,66,73,68,73,77
A. Ghazal,75,CD Nacional,Right,CB,3,2,64,35,61,66,76,84
José Sá,75,FC Porto,Right,GK,2,1,78,72,69,79,45,73
Y. Gerhardt,75,1. FC Köln,Left,CM,3,3,69,69,73,75,67,75
Iuri Medeiros,75,Moreirense FC,Left,RW,3,4,85,71,69,81,29,61
E. Roco,75,RCD Espanyol,Right,CB,3,2,55,41,55,62,76,78
Bruno Fernandes,75,Udinese,Right,CM,3,3,78,69,74,78,63,62
Nacho,75,Rayo Vallecano,Left,LB,3,2,88,57,63,70,72,72
M. Benassi,75,Torino,Right,CM,3,3,70,70,74,74,68,76
R. Kishna,75,Lazio,Left,LW,2,5,85,66,68,82,29,62
P. De Blasis,75,1. FSV Mainz 05,Right,RW,4,3,81,69,70,82,39,62
B. Engels,75,Club Brugge KV,Right,CB,3,2,64,44,59,57,76,74
Y. Al Shahrani,75,Al Hilal,Right,RB,4,3,85,58,72,73,73,76
M. Stendera,75,Eintracht Frankfurt,Right,CAM,4,3,71,72,74,78,51,61
João Cancelo,75,Valencia CF,Right,RB,3,3,84,57,73,79,72,66
Otávio,75,Vitória SC,Right,CAM,3,4,77,66,75,79,30,54
J. Córdoba,75,1. FSV Mainz 05Jun 30,Right,ST,3,3,80,74,61,73,39,82
R. Guerreiro,75,FC Lorient,Left,LW,3,3,83,69,70,77,72,64
Dória,75,Granada CF,Left,CB,3,2,54,37,50,50,76,74
A. Belotti,75,Torino,Right,ST,3,3,77,75,55,74,26,77
E. Forsberg,75,RB Leipzig,Right,CAM,4,4,76,70,72,80,30,64
E. Can,75,Liverpool,Right,CDM,4,3,74,64,75,75,74,80
A. Januzaj,75,Manchester United,Left,CAM,4,4,81,64,74,81,21,51
R. Saïss,75,Angers SCO,Left,CDM,4,2,72,53,64,72,76,73
Matheus,75,Sporting Clube de Braga,Right,GK,2,1,78,67,70,80,46,75
Gerard Moreno,75,RCD Espanyol,Left,ST,4,2,67,76,63,74,44,62
G. Pizarro,75,Tigres UANL,Right,CDM,3,2,58,60,71,66,71,83
Pedro Henrique,75,Stade Rennais FC,Left,LW,4,3,85,71,72,79,26,55
T. Matlaba,75,Orlando Pirates,Left,LB,5,2,85,74,69,74,74,57
A. Pléa,75,OGC Nice,Right,RW,3,3,81,79,75,75,38,65
D. Heintz,75,1. FC Köln,Left,CB,3,2,60,30,63,52,76,76
M. De Sciglio,75,AC Milan,Right,LB,4,2,81,45,65,70,74,75
L. Pavoletti,75,Genoa,Right,ST,3,2,68,74,47,67,27,76
Z. Feddal,75,Levante UD,Left,CB,2,2,61,49,58,57,78,76
L. Castro,75,AC ChievoVerona,Right,RW,3,3,80,68,74,77,28,68
J. Ward-Prowse,75,Southampton,Right,CM,3,3,69,61,83,74,61,68
J. Boëtius,75,FC Basel 1893,Right,LW,4,4,88,71,69,79,27,47
V. Qazaishvili,75,Vitesse,Right,CAM,5,4,72,73,73,79,36,62
Ewerton,75,Sporting CP,Left,CB,2,2,63,37,57,63,77,74
I. Piris,75,Udinese,Right,CB,3,2,78,50,61,72,78,71
Toño,75,Levante UD,Left,LB,3,2,82,55,73,76,70,68
Salvador Agra,75,CD Nacional,Right,RW,3,4,92,68,67,79,35,60
L. Melgarejo,75,Spartak Moscow,Left,LW,3,3,83,73,66,78,67,69
J. Locadia,75,PSV,Right,ST,4,2,76,77,68,70,37,71
J. Korb,75,Borussia Mönchengladbach,Right,RB,3,2,73,49,70,76,75,68
K. Frei,75,Beşiktaş JK,Right,RW,3,4,90,69,70,83,34,56
T. Vaclík,75,FC Basel 1893,Right,GK,3,1,76,74,74,81,35,75
M. Niang,75,AC Milan,Right,ST,4,4,86,74,66,82,26,68
Irureta,75,SD Eibar,Right,GK,2,1,78,71,80,79,63,74
T. Vilhena,75,Feyenoord,Left,CM,4,3,70,64,75,76,65,78
T. Kongolo,75,Feyenoord,Left,CB,4,2,80,43,62,66,78,74
N. Kebano,75,KRC Genk,Right,RW,3,4,82,73,71,79,31,67
O. Onazi,75,Lazio,Right,CM,3,3,80,62,73,77,70,72
R. Mora,75,River Plate,Right,ST,4,4,79,75,68,75,28,70
F. Castillo,75,FC Dallas,Right,LW,4,4,93,70,62,82,45,63
Danilo Avelar,75,Torino,Left,LB,3,2,75,56,64,74,74,74
Suso,75,Genoa,Left,CAM,3,4,79,65,73,84,24,47
T. Meunier,75,Club Brugge KV,Right,RB,4,3,77,72,72,73,71,84
J. Gouweleeuw,75,FC Augsburg,Right,CB,3,2,75,55,61,63,77,74
Ekiza,75,SD Eibar,Right,CB,3,2,67,39,55,45,76,77
J. Schmid,75,TSG 1899 Hoffenheim,Right,LW,3,3,80,69,73,77,61,75
M. Hinteregger,75,Borussia Mönchengladbach,Left,CB,3,2,70,61,61,59,77,80
R. Brady,75,Norwich City,Left,LW,4,3,81,69,76,76,59,68
Álvaro,75,Getafe CF,Right,ST,3,3,72,78,59,74,32,68
C. Tătăruşanu,75,Fiorentina,Right,GK,3,1,72,74,76,75,48,79
L. Krejčí,75,,Left,LW,2,3,80,73,75,77,42,58
D. Sidibé,75,Lille OSC,Right,LB,4,2,77,55,68,71,74,74
M. Bešić,75,Everton,Right,CB,3,2,73,50,64,74,76,75
Juan Jesus,75,Inter,Left,CB,2,2,79,33,53,60,81,83
S. García,75,SV Werder Bremen,Left,CB,3,2,73,53,65,67,74,81
S. Berghuis,75,Watford,Left,RW,3,3,75,76,71,78,38,57
H. Vanaken,75,Club Brugge KV,Right,CAM,5,3,58,73,75,73,41,63
A. Özbiliz,75,Rayo Vallecano,Left,RW,3,4,78,78,74,77,30,55
E. Çolak,75,Galatasaray SK,Left,CAM,3,3,76,71,74,79,40,51
N. Jørgensen,75,FC København,Right,ST,3,3,79,75,68,76,36,75
E. Emenike,75,West Ham UnitedJun 30,Right,ST,4,3,83,74,61,75,26,80
A. Hoffmann,75,Hannover 96,Right,CB,2,2,56,38,58,58,77,74
M. van Ginkel,75,PSVMay 28,Right,CM,4,3,75,73,74,73,64,77
R. Funes Mori,75,Everton,Left,CB,3,2,72,44,59,64,75,78
E. Bauthéac,75,Lille OSC,Left,LW,3,3,81,71,72,77,41,58
Sebá,75,Olympiacos FC,Left,LW,3,3,86,74,66,76,37,74
Sergio Álvarez,75,Real Sporting de Gijón,Right,CDM,3,3,70,60,68,69,70,72
L. Muriel,75,Sampdoria,Right,ST,4,4,89,74,64,85,23,62
L. Traoré,75,AS Monaco,Left,ST,3,3,73,75,52,67,34,75
Adriano,75,FC Seoul,Right,ST,3,4,89,77,56,73,31,62
Luis Alberto,75,RC Deportivo de La Coruña,Right,CAM,4,3,66,68,77,75,27,53
Z. Labyad,75,Fulham FC,Right,RW,5,4,78,72,71,82,32,56
G. Canales,75,Universidad de Chile,Right,ST,3,4,57,79,68,74,29,79
Jordi Amat,75,Swansea City,Right,CB,3,2,64,48,53,57,76,77
L. Castaignos,75,Eintracht Frankfurt,Right,ST,2,3,80,75,65,71,28,75
R. Funes Mori,75,Monterrey,Right,ST,4,3,79,75,69,74,55,80
Sérgio Oliveira,75,FC Porto,Right,CAM,3,4,65,75,79,76,52,58
P. Kasami,75,Olympiacos FC,Left,CM,4,2,67,69,73,74,60,79
Arribas,75,RC Deportivo de La Coruña,Right,CB,2,2,59,36,56,57,76,76
J. Martin,75,Montpellier HSC,Right,CM,4,3,77,73,76,75,71,75
S. Coates,75,Sporting CPJun 30,Right,CB,3,2,58,35,36,47,78,81
F. Wiedwald,75,SV Werder Bremen,Right,GK,2,1,76,68,67,81,34,74
K. Babacar,75,Fiorentina,Right,ST,4,3,75,77,55,71,28,72
I. Fetfatzidis,75,Al Ahli SFC,Left,LW,4,4,83,62,71,83,25,54
C. Wilson,75,AFC Bournemouth,Right,ST,3,3,91,73,63,75,34,78
Héldon,75,Rio Ave FC,Right,LW,3,4,85,70,67,78,30,53
Y. Del Valle,75,Kasımpaşa SK,Right,LW,4,3,85,73,67,80,31,64
D. Pabón,75,Monterrey,Right,ST,3,4,88,78,73,79,37,73
M. Torres,75,Atlético Nacional,Right,CAM,4,3,54,69,78,76,31,61
E. Paredes,75,Colo-Colo,Left,ST,3,2,73,77,69,73,30,74
A. Finnbogason,75,FC AugsburgJun 30,Right,ST,4,2,69,80,62,73,31,65
A. Mooy,75,Melbourne City FC,Right,CM,3,3,70,70,78,72,60,71
A. Townsend,75,Newcastle United,Left,LW,4,3,89,72,70,80,32,62
B. Hamid,75,DC United,Right,GK,2,1,77,74,65,79,51,70
C. Erbes,75,Boca Juniors,Right,CDM,2,2,77,55,71,72,74,73
Y. El Arabi,75,Granada CF,Right,ST,4,4,69,76,68,84,43,63
N. Tomović,75,Fiorentina,Right,CB,2,2,72,38,58,65,77,77
P. Jansson,75,Torino,Right,CB,3,2,63,42,50,60,77,78
Pelé,75,FC Paços de Ferreira,Right,CDM,3,2,72,63,73,73,74,80
A. Delort,75,Stade Malherbe Caen,Right,ST,3,3,77,76,62,76,26,79
F. Đuričić,75,RSC Anderlecht,Right,CAM,4,4,77,66,72,82,35,59
Portillo,75,Real Betis Balompié,Right,CAM,3,3,73,60,75,79,23,57
D. Sakho,75,West Ham United,Right,ST,3,3,78,74,58,73,31,74
P. Souaré,75,Crystal Palace,Left,LB,2,2,81,49,73,73,74,75
I. Gueye,75,Aston Villa,Right,CDM,3,2,72,58,68,75,77,77
M. Schmiedebach,75,Hannover 96,Right,CDM,4,3,72,47,70,76,73,74
C. Clemens,75,1. FSV Mainz 05Jun 30,Right,RW,4,3,85,70,73,75,41,68
Marc Muniesa,75,Stoke City,Left,CB,3,2,65,43,65,66,76,72
K. Vogt,75,1. FC Köln,Right,CDM,3,2,71,57,68,66,75,81
Marcos Alonso,75,Fiorentina,Left,LB,3,2,78,65,72,75,72,79
Júnior Caiçara,75,FC Schalke 04,Right,RB,4,3,83,57,71,77,72,62
L. Narsingh,75,PSV,Right,RW,3,4,93,63,67,77,24,58
J. Aquino,75,Tigres UANL,Right,LW,4,4,92,64,70,79,34,51
R. Krhin,75,Granada CF,Right,CDM,3,2,52,55,70,65,71,76
Digão,75,Al Hilal,Right,CB,3,2,74,31,49,49,76,81
G. Schennikov,75,PFC CSKA,Left,LB,3,2,81,50,68,72,76,71
D. Reyes,75,Real Sociedad,Right,CB,3,2,69,51,64,71,78,67
P. Morales,75,Vancouver Whitecaps FC,Right,CAM,3,4,69,74,77,76,58,66
F. Martínez,75,Pumas UNAM,Left,LW,2,5,81,67,72,78,30,70
T. Rincón,75,Genoa,Right,CDM,3,2,73,64,73,73,74,78
K. Hansen,75,FC Midtjylland,Right,CB,3,2,74,43,66,59,75,75
L. Hrádecký,75,Eintracht Frankfurt,Right,GK,3,1,75,72,74,78,42,75
P. Groß,75,FC Ingolstadt 04,Right,CM,4,3,68,67,78,73,62,73
J. Kirchhoff,75,Sunderland,Right,CB,3,2,71,38,66,57,79,72
M. Antonio,75,West Ham United,Right,RW,4,4,87,73,67,79,48,79
R. Mason,75,Tottenham Hotspur,Right,CM,3,3,70,68,76,73,69,67
D. Maroh,75,1. FC Köln,Right,CB,2,2,54,37,52,49,78,75
L. Kweuke,75,Çaykur Rizespor,Right,ST,3,3,75,76,56,68,31,78
O. Gonzalez,75,Pachuca,Right,CB,3,2,65,36,51,45,76,83
M. Henriksen,75,AZ Alkmaar,Right,CM,3,3,68,77,70,74,66,78
C. Kabasele,75,KRC Genk,Right,CB,3,2,78,52,49,62,75,80
Y. Seleznyov,75,FC Kuban Krasnodar,Right,ST,3,3,62,76,60,68,36,80
Éder,75,Lille OSC,Right,ST,4,4,77,74,68,74,44,82
Sílvio,75,SL Benfica,Right,RB,4,2,75,60,70,74,75,70
O. Şahan,75,Beşiktaş JK,Right,ST,4,3,79,74,69,78,58,69
D. Santon,75,Inter,Right,RB,2,3,78,58,71,74,74,76
B. Oczipka,75,Eintracht Frankfurt,Left,LB,2,2,71,53,71,71,75,77
D. Diekmeier,75,Hamburger SV,Right,RB,2,3,86,40,69,69,71,74
A. McCarthy,75,Crystal Palace,Right,GK,2,1,79,73,61,81,57,74
M. Risse,75,1. FC Köln,Right,RW,3,3,86,75,70,76,62,68
J. Durmaz,75,Olympiacos FC,Left,LW,3,4,84,71,74,78,32,59
Michel Macedo,75,UD Almería,Right,RB,3,2,89,46,62,71,70,79
G. Fofana,75,Olympique Lyonnais,Right,CDM,3,2,70,67,70,73,73,76
Serey Dié,75,VfB Stuttgart,Right,CB,3,2,70,49,64,71,76,82
R. Meggiorini,75,AC ChievoVerona,Left,ST,3,3,79,72,63,77,29,69
F. Ayité,75,Sporting Club Bastia,Right,RW,4,4,85,72,69,80,26,55
B. Ecuélé Manga,75,Cardiff City,Right,CB,3,2,65,30,56,44,76,76
Simao Mate,75,Levante UD,Right,CB,2,2,77,46,58,66,78,83
A. Chahechouhe,75,Sivasspor,Right,RW,4,4,78,77,71,78,33,60
M. Isla,75,Olympique de Marseille,Right,RB,3,3,80,59,74,77,74,73
B. Ideye,75,Olympiacos FC,Right,ST,4,2,79,75,61,73,39,73
L. Fer,75,Swansea CityMay 31,Right,ST,4,3,75,75,72,75,70,80
M. Rybus,75,Akhmat Grozny,Left,LW,4,3,86,73,73,76,46,58
T. Gebre Selassie,75,SV Werder Bremen,Right,RB,3,3,77,50,69,76,73,72
T. Hubočan,75,FC Dynamo Moscow,Right,CB,4,2,71,57,60,55,78,75
F. Borini,75,Sunderland,Right,ST,3,3,78,74,70,76,28,69
A. Poli,75,AC Milan,Right,CM,3,3,76,66,76,77,61,73
E. Echiéjilé,75,AS Monaco,Left,CB,3,2,73,60,63,69,76,85
G. Bia,75,FC Sion,Right,RW,4,4,82,78,73,76,20,61
S. Athanasiadis,75,PAOK,Right,ST,3,3,76,75,66,72,44,71
Marquinho,75,Al Ahli SFC,Right,RW,3,3,71,76,74,76,62,68
K. Sigþórsson,75,FC Nantes,Right,ST,3,2,68,75,59,66,43,76
N. Roux,75,AS Saint-Étienne,Right,ST,3,2,73,75,70,72,35,67
F. Roncaglia,75,Fiorentina,Right,CB,3,2,74,54,57,66,77,74
N. Müller,75,Hamburger SV,Right,RW,3,3,88,67,70,78,46,66
M. Dossevi,75,Standard de Liège,Right,RW,3,3,82,68,73,79,36,61
N. Petersen,75,SC Freiburg,Right,ST,5,2,63,75,58,67,34,70
J. Rodwell,75,Sunderland,Right,CM,4,3,65,72,72,74,73,76
C. M'Bengue,75,Stade Rennais FC,Left,LB,3,2,74,42,68,68,75,75
F. Frei,75,1. FSV Mainz 05,Right,CM,4,2,70,72,76,71,68,73
Y. Benalouane,75,Fiorentina,Right,CB,3,2,67,39,60,55,77,77
M. Albrighton,75,Leicester City,Right,LW,3,3,79,68,74,77,46,69
P. Aguilar,75,Club América,Right,CB,3,2,68,52,53,56,74,79
Rincón,75,ESTAC Troyes,Right,CB,3,2,47,35,50,45,78,73
A. Ekdal,75,Hamburger SV,Right,CM,3,3,69,66,75,76,63,77
Marcelo,75,Beşiktaş JK,Right,CB,2,2,69,47,53,61,76,77
D. Da Silva,75,Stade Malherbe Caen,Right,CB,4,2,63,31,53,54,77,73
B. Sako,75,Crystal Palace,Left,LW,3,3,85,76,74,76,41,75
A. Taarabt,75,SL Benfica,Right,RW,4,5,70,72,72,83,32,60
M. Sulejmani,75,BSC Young Boys,Left,LW,3,3,82,73,71,79,32,56
M. Marin,75,Trabzonspor,Right,CAM,4,4,76,64,75,82,26,43
F. Forestieri,75,Sheffield Wednesday,Right,CAM,3,4,80,70,68,80,38,62
E. Pieters,75,Stoke City,Left,CB,2,2,68,40,67,67,78,78
C. Gardner,75,West Bromwich Albion,Right,CM,3,2,54,75,73,72,71,80
Danilo Dias,75,CF União,Right,RW,4,4,78,70,73,79,35,59
R. Danzé,75,Stade Rennais FC,Right,CDM,3,2,68,59,72,70,77,72
P. Baysse,75,OGC Nice,Right,CB,3,2,58,45,66,63,76,74
F. Tissone,75,Málaga CF,Right,CM,3,3,62,67,72,69,69,77
K. Grosicki,75,Stade Rennais FC,Right,RW,3,3,87,75,70,75,32,59
Fabricio,75,RC Deportivo de La Coruña,Right,GK,3,1,77,78,75,76,53,70
M. Harnik,75,VfB Stuttgart,Right,ST,4,3,79,73,72,73,41,78
M. Diakité,75,Sampdoria,Right,CB,3,2,72,41,45,44,76,80
N. Dirar,75,AS Monaco,Right,RW,4,3,82,66,73,79,40,73
B. Jokič,75,Nottingham ForestJun 30,Left,LB,3,2,75,56,71,68,75,76
P. Ebert,75,Rayo Vallecano,Right,RW,4,3,74,71,79,74,59,67
F. Lustenberger,75,Hertha BSC,Right,CB,3,2,65,37,61,65,79,72
A. Beck,75,Beşiktaş JK,Right,RB,3,3,74,46,71,74,76,71
D. Kolář,75,,Right,CAM,4,3,72,72,75,74,52,71
P. Armero,75,Udinese,Left,LB,2,2,87,67,71,76,70,74
S. Missiroli,75,Sassuolo,Right,CM,3,3,68,66,73,72,67,67
J. Vossen,75,Club Brugge KV,Right,ST,4,3,65,78,71,71,42,68
V. Birsa,75,AC ChievoVerona,Left,CAM,3,3,75,69,77,76,37,70
J. Ďurica,75,FC Lokomotiv,Left,CB,3,2,47,40,56,59,77,76
Fran Rico,75,Granada CF,Right,CDM,3,2,62,64,77,71,68,69
J. Herrera,75,Universidad de Chile,Right,GK,3,1,72,79,77,76,55,73
Joselu,75,Stoke City,Right,ST,3,3,66,75,62,73,26,69
J. Tomkins,75,West Ham United,Right,CB,2,2,62,33,53,54,77,75
K. Westwood,75,Sheffield Wednesday,Left,GK,3,1,79,73,72,80,47,75
P. Kone,75,Fiorentina,Right,CAM,3,3,76,72,74,77,56,71
Javi Varas,75,UD Las Palmas,Right,GK,3,1,79,70,73,82,59,72
Zurutuza,75,Real Sociedad,Right,CAM,5,3,65,65,75,76,50,61
Elustondo,75,Athletic Club,Right,CDM,3,3,60,64,74,68,73,79
P. Hetemaj,75,AC ChievoVerona,Right,CM,4,3,78,66,76,77,69,77
L. Schøne,75,Ajax,Right,CAM,3,3,63,75,79,77,48,58
J. Basanta,75,Monterrey,Left,CB,3,2,62,50,55,56,77,73
E. Elia,75,Feyenoord,Right,LW,3,4,90,63,67,83,32,64
Jonathan Pereira,75,CD Lugo,Right,ST,3,3,87,75,57,83,24,52
P. Aguilar,75,Club América,Right,RB,3,2,86,64,69,69,73,75
Diego Capel,75,Genoa,Left,LW,2,4,85,65,66,83,43,51
A. Eschenko,75,FC Dynamo Moscow,Right,RB,3,2,80,56,69,69,74,70
C. Rodríguez,75,Independiente,Left,LW,3,4,78,72,74,77,52,78
S. Ireland,75,Stoke City,Right,CAM,3,3,60,67,73,76,46,61
Barragán,75,Valencia CF,Right,RB,3,2,75,51,64,66,76,77
S. Long,75,Southampton,Right,ST,3,3,84,74,60,74,37,81
S. Sinclair,75,Aston Villa,Right,LW,2,4,87,71,66,78,33,60
Zeca,75,Panathinaikos FC,Right,CM,3,3,76,64,74,75,67,73
Ari,75,FC Krasnodar,Right,ST,3,3,79,75,71,75,35,80
A. Valencia,75,Manchester United,Right,RW,1,3,81,64,74,81,67,77
Evandro,75,FC Porto,Right,CAM,4,3,66,73,78,79,48,61
Doka,75,Medipol Başakşehir FK,Right,LW,3,3,80,73,73,78,33,64
I. Sosa,75,Pumas UNAM,Right,RW,3,3,89,73,71,75,50,70
S. M'Bia,75,C,Right,CDM,3,2,70,63,66,67,72,85
A. Diamanti,75,Atalanta,Left,CAM,2,4,67,71,77,80,33,63
Eduardo,75,P,Right,GK,3,1,75,74,71,76,45,78
J. Ruddy,75,Norwich City,Right,GK,3,1,77,69,74,80,43,74
D. Limberský,75,,Right,LB,4,3,83,63,69,70,74,80
A. Diaby,75,Olympique de Marseille,Right,ST,3,3,75,71,72,77,72,78
S. Pocognoli,75,West Bromwich Albion,Left,LB,3,3,77,59,68,73,73,76
J. Orozco,75,Monterrey,Right,GK,4,1,77,71,84,80,61,65
T. Heaton,75,Burnley,Right,GK,3,1,76,75,71,78,51,76
K. El Ahmadi,75,Feyenoord,Right,CM,2,3,68,64,73,75,60,74
A. Konko,75,Lazio,Right,RB,3,3,79,59,71,73,73,73
D. Abraham,75,Eintracht Frankfurt,Right,CB,2,2,77,55,60,58,75,76
Jurado,75,Watford,Right,CAM,4,4,73,77,76,80,28,54
J. Barroso,75,Colo-Colo,Right,CB,3,2,72,57,58,55,77,74
L. Osman,75,Everton,Right,CAM,3,3,62,73,78,81,64,65
C. Campestrini,75,Puebla FC,Right,GK,3,1,77,75,70,79,25,74
Salva Sevilla,75,RCD Espanyol,Right,CAM,3,3,53,68,83,73,46,60
M. Russ,75,Eintracht Frankfurt,Right,CB,2,2,52,48,57,48,77,75
B. Assou-Ekotto,75,AS Saint-Étienne,Left,LB,3,2,79,57,72,74,73,77
S. Marveaux,75,Newcastle United,Left,CAM,3,3,70,71,77,79,53,61
Y. Gouffran,75,Newcastle United,Right,ST,3,3,76,74,71,77,50,70
J. Corona,75,Cruz Azul,Right,GK,3,1,76,76,74,73,44,76
J. Villar,75,Colo-Colo,Right,GK,3,1,75,74,74,77,32,76
R. McCormack,75,Fulham FC,Right,ST,4,3,75,76,72,76,28,72
C. Adam,75,Stoke City,Left,CM,3,3,50,78,81,72,60,76
M. Schäfer,75,VfL Wolfsburg,Left,LB,3,2,67,68,76,73,74,73
Jorge Molina,75,Real Betis Balompié,Right,ST,4,2,48,77,57,63,37,81
J. Martínez,75,Real Salt Lake,Right,RW,3,4,79,72,67,79,37,62
A. Tettey,75,Norwich City,Right,CDM,3,3,73,71,69,70,73,82
J. Puncheon,75,Crystal Palace,Left,LW,2,3,76,75,76,78,36,68
R. Salin,75,Marítimo,Left,GK,2,1,78,72,67,77,31,72
C. Maggio,75,Napoli,Right,RB,2,2,79,70,71,74,71,78
C. Molinaro,75,Torino,Left,LB,2,3,79,50,68,71,73,75
P. Kieszek,75,GD Estoril Praia,Right,GK,2,1,75,74,71,78,48,76
Luíz Carlos,75,Sporting Clube de Braga,Right,CDM,3,2,68,59,68,72,74,76
R. Yanbaev,75,FC Lokomotiv,Right,RB,3,3,86,59,68,67,74,67
M. Demir,75,Trabzonspor,Right,ST,3,4,82,76,71,78,30,66
Y. Ayhan,75,Medipol Başakşehir FK,Right,CB,2,2,45,32,44,49,77,79
R. Raţ,75,Rayo Vallecano,Left,LB,3,2,73,58,75,67,75,72
E. Papa,75,Tigre,Left,LB,2,3,81,46,71,72,71,61
M. Barbosa,75,Villarreal CF,Right,GK,2,1,75,73,79,80,57,71
G. Denis,75,Independiente,Right,ST,3,2,63,78,58,67,28,74
Verza,75,Levante UD,Right,CDM,4,2,57,70,79,67,67,76
Edú,75,Jeonbuk Hyundai Motors,Left,ST,3,2,77,75,67,74,48,79
D. Marshall,75,Cardiff City,Right,GK,3,1,78,72,67,79,49,75
P. Da Silva,75,Toluca,Right,CB,3,2,33,46,60,58,76,78
J. Morel,75,Olympique Lyonnais,Left,CB,2,2,75,63,67,67,77,76
J. Shackell,75,Derby County,Left,CB,3,2,67,39,54,59,76,79
Hugo Almeida,75,Hannover 96,Left,ST,3,3,61,78,58,59,33,82
D. Fletcher,75,West Bromwich Albion,Right,CM,3,2,54,68,74,68,81,74
Toño,75,Rayo Vallecano,Right,GK,3,1,80,69,71,80,54,79
J. Barton,75,Burnley,Right,CM,3,3,56,71,76,73,70,81
Y. Jouffre,75,FC Lorient,Left,RW,4,3,71,67,77,76,52,54
M. Storari,75,Cagliari,Right,GK,2,1,78,72,66,78,44,76
F. Brienza,75,Bologna,Left,CAM,4,3,65,72,74,80,41,48
Alexis,75,Beşiktaş JK,Right,CB,3,2,59,34,62,57,76,78
E. Hallfreðsson,75,Udinese,Left,CM,3,2,68,65,77,74,71,76
S. Muntari,75,Al Ittihad,Left,CDM,2,2,62,71,70,71,72,83
P. Trochowski,75,FC Augsburg,Right,CAM,5,4,70,76,78,80,50,64
N. Douchez,75,Paris Saint-Germain,Right,GK,3,1,75,76,71,77,42,74
J. Plašil,75,FC Girondins de Bordeaux,Right,CM,5,3,51,65,79,75,58,57
David Navarro,75,Levante UD,Right,CB,3,2,35,41,52,50,76,79
M. Rodríguez,75,Newell's Old Boys,Right,CAM,4,3,72,77,75,77,36,71
Jonatan Soriano,75,FC Red Bull Salzburg,Right,CAM,3,3,61,78,74,79,30,68
Pelegrín,75,Deportivo Alavés,Left,CB,3,2,46,32,52,49,76,71
G. McAuley,75,West Bromwich Albion,Right,CB,3,2,42,43,50,42,78,75
T. Starke,75,FC Bayern München,Right,GK,3,1,77,75,61,78,48,76
H. Altintop,75,FC Augsburg,Right,CAM,4,3,65,75,72,74,33,73
C. Bovo,75,Torino,Right,CB,3,2,55,50,54,59,78,70
W. Routledge,75,Swansea City,Right,LW,4,4,79,66,70,81,36,65
Fernando Navarro,75,RC Deportivo de La Coruña,Left,CB,3,2,65,49,67,66,79,75
M. Lehmann,75,1. FC Köln,Right,CDM,3,2,49,65,74,68,72,74
F. Balmont,75,Lille OSC,Right,CDM,3,2,57,67,76,74,74,73
M. Maccarone,75,Empoli,Right,ST,4,3,70,79,64,75,29,65
P. Crouch,75,Stoke City,Right,ST,3,3,53,76,69,66,32,68
S. Proto,75,RSC Anderlecht,Right,GK,2,1,77,69,72,81,59,74
S. Armand,75,Stade Rennais FC,Left,CDM,3,2,59,56,76,63,76,75
K. Källström,75,Grasshopper Club Zürich,Left,CM,3,3,52,75,83,73,64,78
